,Source,Target
0,263,170
1,263,181
2,388,23
3,388,91
4,388,345
5,388,226
6,388,7
7,388,309
8,388,162
9,388,64
10,388,224
11,388,248
12,388,15
13,388,51
14,388,373
15,31,93
16,31,112
17,31,191
18,31,95
19,31,211
20,31,38
21,31,107
22,139,171
23,139,202
24,139,79
25,139,48
26,139,374
27,139,383
28,139,113
29,139,88
30,139,62
31,139,137
32,139,156
33,139,349
34,139,4
35,139,259
36,139,297
37,139,225
38,139,122
39,139,134
40,139,35
41,139,369
42,139,117
43,139,294
44,139,334
45,139,75
46,139,277
47,139,288
48,139,118
49,139,276
50,139,250
51,139,11
52,139,161
53,139,140
54,139,110
55,139,5
56,139,53
57,139,233
58,139,327
59,139,175
60,139,331
61,139,269
62,139,286
63,139,397
64,139,56
65,236,335
66,236,227
67,236,367
68,236,244
69,236,229
70,236,133
71,236,2
72,236,402
73,236,96
74,236,77
75,236,114
76,236,218
77,236,390
78,236,299
79,236,19
80,236,396
81,236,394
82,236,230
83,236,334
84,236,13
85,236,115
86,236,43
87,236,86
88,236,362
89,236,232
90,236,381
91,236,120
92,236,280
93,236,316
94,236,42
95,236,20
96,236,101
97,236,60
98,236,16
99,236,174
100,236,105
101,236,188
102,236,307
103,236,234
104,236,36
105,236,264
106,236,310
107,236,404
108,236,68
109,236,222
110,236,290
111,23,388
112,23,303
113,23,190
114,23,228
115,23,91
116,23,278
117,23,239
118,23,279
119,23,345
120,23,195
121,23,226
122,23,87
123,23,299
124,23,196
125,23,29
126,23,192
127,23,393
128,23,7
129,23,309
130,23,162
131,23,90
132,23,384
133,23,12
134,23,67
135,23,194
136,23,368
137,23,151
138,23,108
139,23,312
140,23,186
141,23,401
142,23,64
143,23,330
144,23,224
145,23,344
146,23,214
147,23,176
148,23,395
149,23,246
150,23,248
151,23,54
152,23,15
153,23,365
154,23,51
155,23,373
156,23,206
157,171,139
158,171,48
159,171,374
160,171,383
161,171,113
162,171,156
163,171,4
164,171,297
165,171,225
166,171,122
167,171,369
168,171,117
169,171,294
170,171,75
171,171,277
172,171,118
173,171,276
174,171,250
175,171,140
176,171,5
177,171,53
178,171,175
179,171,269
180,303,23
181,303,190
182,303,228
183,303,279
184,303,195
185,303,87
186,303,299
187,303,196
188,303,29
189,303,90
190,303,12
191,303,67
192,303,194
193,303,368
194,303,108
195,303,312
196,303,330
197,303,344
198,303,246
199,303,54
200,102,226
201,102,98
202,102,302
203,102,116
204,102,163
205,102,189
206,102,145
207,200,207
208,200,11
209,200,68
210,293,141
211,293,340
212,293,37
213,293,135
214,293,166
215,293,336
216,293,132
217,293,320
218,293,360
219,190,23
220,190,303
221,190,228
222,190,279
223,190,195
224,190,87
225,190,299
226,190,196
227,190,29
228,190,90
229,190,12
230,190,67
231,190,194
232,190,368
233,190,108
234,190,312
235,190,330
236,190,344
237,190,246
238,190,54
239,350,285
240,350,237
241,350,311
242,350,359
243,350,251
244,350,324
245,350,28
246,350,142
247,350,197
248,350,127
249,350,94
250,350,71
251,258,324
252,258,282
253,258,110
254,337,32
255,337,379
256,337,247
257,337,308
258,337,30
259,371,243
260,371,392
261,371,65
262,371,61
263,371,343
264,371,33
265,371,165
266,371,257
267,370,318
268,370,382
269,370,158
270,370,81
271,370,26
272,370,121
273,370,341
274,370,143
275,370,291
276,370,253
277,370,144
278,335,236
279,335,227
280,335,367
281,335,244
282,335,229
283,335,133
284,335,2
285,335,402
286,335,96
287,335,77
288,335,114
289,335,218
290,335,390
291,335,299
292,335,19
293,335,396
294,335,394
295,335,230
296,335,334
297,335,13
298,335,115
299,335,43
300,335,86
301,335,362
302,335,232
303,335,381
304,335,120
305,335,280
306,335,316
307,335,42
308,335,20
309,335,101
310,335,60
311,335,16
312,335,174
313,335,105
314,335,188
315,335,307
316,335,234
317,335,36
318,335,264
319,335,310
320,335,404
321,335,68
322,335,222
323,335,290
324,202,139
325,202,79
326,202,88
327,202,62
328,202,137
329,202,349
330,202,259
331,202,134
332,202,35
333,202,334
334,202,11
335,202,161
336,202,233
337,202,327
338,202,331
339,202,286
340,202,397
341,202,56
342,85,77
343,85,289
344,85,325
345,85,104
346,228,23
347,228,303
348,228,190
349,228,279
350,228,195
351,228,87
352,228,299
353,228,196
354,228,29
355,228,90
356,228,12
357,228,67
358,228,194
359,228,368
360,228,108
361,228,312
362,228,330
363,228,344
364,228,246
365,228,54
366,79,139
367,79,202
368,79,88
369,79,62
370,79,137
371,79,349
372,79,259
373,79,134
374,79,35
375,79,334
376,79,11
377,79,161
378,79,233
379,79,327
380,79,331
381,79,286
382,79,397
383,79,56
384,227,236
385,227,335
386,227,367
387,227,244
388,227,229
389,227,133
390,227,2
391,227,402
392,227,96
393,227,77
394,227,114
395,227,218
396,227,390
397,227,299
398,227,19
399,227,396
400,227,394
401,227,230
402,227,334
403,227,13
404,227,115
405,227,43
406,227,86
407,227,362
408,227,232
409,227,381
410,227,120
411,227,280
412,227,316
413,227,42
414,227,20
415,227,101
416,227,60
417,227,16
418,227,174
419,227,105
420,227,188
421,227,307
422,227,234
423,227,36
424,227,264
425,227,310
426,227,404
427,227,68
428,227,222
429,227,290
430,78,319
431,78,8
432,78,2
433,78,199
434,78,221
435,78,156
436,78,106
437,78,386
438,78,58
439,78,9
440,78,147
441,78,155
442,78,1
443,78,266
444,78,352
445,78,400
446,78,168
447,78,356
448,78,89
449,78,220
450,78,142
451,78,323
452,78,130
453,78,99
454,78,108
455,78,146
456,78,346
457,78,399
458,78,295
459,78,174
460,78,27
461,78,33
462,78,22
463,78,70
464,78,74
465,78,44
466,78,304
467,17,358
468,17,242
469,17,21
470,17,403
471,17,333
472,17,378
473,321,366
474,321,45
475,321,277
476,321,240
477,321,126
478,318,370
479,318,382
480,318,158
481,318,81
482,318,26
483,318,121
484,318,341
485,318,143
486,318,291
487,318,253
488,318,144
489,238,339
490,238,334
491,238,347
492,238,372
493,238,109
494,238,274
495,238,92
496,238,265
497,141,293
498,141,340
499,141,37
500,141,135
501,141,166
502,141,336
503,141,132
504,141,320
505,141,360
506,367,236
507,367,335
508,367,227
509,367,244
510,367,229
511,367,133
512,367,2
513,367,402
514,367,96
515,367,77
516,367,114
517,367,218
518,367,390
519,367,299
520,367,19
521,367,396
522,367,394
523,367,230
524,367,334
525,367,13
526,367,115
527,367,43
528,367,86
529,367,362
530,367,232
531,367,381
532,367,120
533,367,280
534,367,316
535,367,42
536,367,20
537,367,101
538,367,60
539,367,16
540,367,174
541,367,105
542,367,188
543,367,307
544,367,234
545,367,36
546,367,264
547,367,310
548,367,404
549,367,68
550,367,222
551,367,290
552,358,17
553,358,242
554,358,21
555,358,403
556,358,333
557,358,378
558,387,66
559,387,14
560,387,317
561,387,217
562,387,338
563,387,100
564,387,76
565,387,307
566,91,388
567,91,23
568,91,345
569,91,226
570,91,7
571,91,309
572,91,162
573,91,64
574,91,224
575,91,248
576,91,15
577,91,51
578,91,373
579,41,328
580,41,191
581,278,23
582,278,239
583,278,192
584,278,393
585,278,90
586,278,384
587,278,151
588,278,186
589,278,401
590,278,330
591,278,214
592,278,176
593,278,395
594,278,54
595,278,365
596,278,206
597,382,370
598,382,318
599,382,158
600,382,81
601,382,26
602,382,121
603,382,341
604,382,143
605,382,291
606,382,253
607,382,144
608,244,236
609,244,335
610,244,227
611,244,367
612,244,229
613,244,133
614,244,2
615,244,402
616,244,96
617,244,77
618,244,114
619,244,218
620,244,390
621,244,299
622,244,19
623,244,396
624,244,394
625,244,230
626,244,334
627,244,13
628,244,115
629,244,43
630,244,86
631,244,362
632,244,232
633,244,381
634,244,120
635,244,280
636,244,316
637,244,42
638,244,20
639,244,101
640,244,60
641,244,16
642,244,174
643,244,105
644,244,188
645,244,307
646,244,234
647,244,36
648,244,264
649,244,310
650,244,404
651,244,68
652,244,222
653,244,290
654,48,139
655,48,171
656,48,374
657,48,383
658,48,113
659,48,156
660,48,4
661,48,297
662,48,225
663,48,122
664,48,369
665,48,117
666,48,294
667,48,75
668,48,277
669,48,118
670,48,276
671,48,250
672,48,140
673,48,5
674,48,53
675,48,175
676,48,269
677,229,236
678,229,335
679,229,227
680,229,367
681,229,244
682,229,133
683,229,2
684,229,402
685,229,296
686,229,270
687,229,241
688,229,96
689,229,77
690,229,114
691,229,218
692,229,178
693,229,390
694,229,299
695,229,29
696,229,19
697,229,396
698,229,394
699,229,230
700,229,334
701,229,380
702,229,13
703,229,115
704,229,43
705,229,86
706,229,362
707,229,232
708,229,381
709,229,120
710,229,306
711,229,280
712,229,316
713,229,42
714,229,20
715,229,101
716,229,177
717,229,119
718,229,60
719,229,215
720,229,16
721,229,174
722,229,105
723,229,188
724,229,307
725,229,234
726,229,36
727,229,264
728,229,361
729,229,310
730,229,404
731,229,68
732,229,222
733,229,160
734,229,169
735,229,290
736,229,272
737,374,139
738,374,171
739,374,48
740,374,383
741,374,113
742,374,156
743,374,4
744,374,297
745,374,225
746,374,122
747,374,369
748,374,117
749,374,294
750,374,75
751,374,277
752,374,118
753,374,276
754,374,250
755,374,140
756,374,5
757,374,53
758,374,175
759,374,269
760,32,337
761,32,379
762,32,247
763,32,308
764,32,30
765,319,78
766,319,8
767,319,2
768,319,199
769,319,221
770,319,156
771,319,106
772,319,386
773,319,58
774,319,9
775,319,147
776,319,155
777,319,1
778,319,266
779,319,352
780,319,400
781,319,168
782,319,356
783,319,89
784,319,220
785,319,142
786,319,323
787,319,130
788,319,99
789,319,108
790,319,146
791,319,346
792,319,399
793,319,295
794,319,174
795,319,27
796,319,33
797,319,22
798,319,70
799,319,74
800,319,44
801,319,304
802,389,187
803,389,325
804,389,153
805,389,104
806,383,139
807,383,171
808,383,48
809,383,374
810,383,113
811,383,156
812,383,4
813,383,297
814,383,225
815,383,122
816,383,369
817,383,117
818,383,294
819,383,75
820,383,277
821,383,118
822,383,276
823,383,250
824,383,140
825,383,5
826,383,53
827,383,175
828,383,269
829,113,139
830,113,171
831,113,48
832,113,374
833,113,383
834,113,156
835,113,4
836,113,297
837,113,225
838,113,122
839,113,369
840,113,117
841,113,294
842,113,75
843,113,277
844,113,118
845,113,276
846,113,250
847,113,140
848,113,5
849,113,53
850,113,175
851,113,269
852,133,236
853,133,335
854,133,227
855,133,367
856,133,244
857,133,229
858,133,2
859,133,402
860,133,96
861,133,77
862,133,114
863,133,218
864,133,390
865,133,299
866,133,19
867,133,396
868,133,394
869,133,230
870,133,334
871,133,13
872,133,115
873,133,43
874,133,86
875,133,362
876,133,232
877,133,381
878,133,120
879,133,280
880,133,316
881,133,42
882,133,20
883,133,101
884,133,60
885,133,16
886,133,174
887,133,105
888,133,188
889,133,307
890,133,234
891,133,36
892,133,264
893,133,310
894,133,404
895,133,68
896,133,222
897,133,290
898,88,139
899,88,202
900,88,79
901,88,62
902,88,137
903,88,349
904,88,259
905,88,134
906,88,35
907,88,334
908,88,11
909,88,161
910,88,233
911,88,327
912,88,331
913,88,286
914,88,397
915,88,56
916,8,78
917,8,319
918,8,2
919,8,199
920,8,221
921,8,156
922,8,106
923,8,386
924,8,58
925,8,9
926,8,147
927,8,155
928,8,1
929,8,266
930,8,352
931,8,400
932,8,168
933,8,356
934,8,89
935,8,220
936,8,142
937,8,323
938,8,130
939,8,99
940,8,108
941,8,146
942,8,346
943,8,399
944,8,295
945,8,174
946,8,27
947,8,33
948,8,22
949,8,70
950,8,74
951,8,44
952,8,304
953,173,29
954,173,57
955,173,136
956,173,261
957,173,208
958,173,138
959,46,125
960,46,157
961,46,208
962,239,23
963,239,278
964,239,192
965,239,393
966,239,90
967,239,384
968,239,151
969,239,186
970,239,401
971,239,330
972,239,214
973,239,176
974,239,395
975,239,54
976,239,365
977,239,206
978,62,139
979,62,202
980,62,79
981,62,88
982,62,137
983,62,349
984,62,259
985,62,134
986,62,35
987,62,334
988,62,11
989,62,83
990,62,161
991,62,233
992,62,327
993,62,331
994,62,286
995,62,397
996,62,56
997,62,265
998,2,236
999,2,335
1000,2,227
1001,2,78
1002,2,367
1003,2,244
1004,2,229
1005,2,319
1006,2,133
1007,2,8
1008,2,402
1009,2,199
1010,2,221
1011,2,156
1012,2,106
1013,2,386
1014,2,96
1015,2,77
1016,2,58
1017,2,114
1018,2,218
1019,2,9
1020,2,147
1021,2,390
1022,2,299
1023,2,155
1024,2,19
1025,2,1
1026,2,396
1027,2,266
1028,2,394
1029,2,352
1030,2,400
1031,2,168
1032,2,356
1033,2,230
1034,2,334
1035,2,13
1036,2,115
1037,2,43
1038,2,86
1039,2,362
1040,2,89
1041,2,232
1042,2,381
1043,2,120
1044,2,220
1045,2,142
1046,2,280
1047,2,316
1048,2,42
1049,2,323
1050,2,130
1051,2,20
1052,2,99
1053,2,108
1054,2,146
1055,2,346
1056,2,399
1057,2,101
1058,2,295
1059,2,60
1060,2,16
1061,2,174
1062,2,105
1063,2,188
1064,2,27
1065,2,307
1066,2,234
1067,2,36
1068,2,264
1069,2,33
1070,2,22
1071,2,70
1072,2,310
1073,2,404
1074,2,68
1075,2,222
1076,2,74
1077,2,44
1078,2,304
1079,2,290
1080,285,350
1081,285,237
1082,285,311
1083,285,359
1084,285,251
1085,285,324
1086,285,28
1087,285,142
1088,285,197
1089,285,127
1090,285,94
1091,285,71
1092,172,203
1093,172,316
1094,172,127
1095,172,94
1096,172,201
1097,137,139
1098,137,202
1099,137,79
1100,137,88
1101,137,62
1102,137,349
1103,137,259
1104,137,134
1105,137,35
1106,137,334
1107,137,11
1108,137,161
1109,137,233
1110,137,327
1111,137,331
1112,137,286
1113,137,397
1114,137,56
1115,279,23
1116,279,303
1117,279,190
1118,279,228
1119,279,195
1120,279,87
1121,279,299
1122,279,196
1123,279,29
1124,279,90
1125,279,12
1126,279,67
1127,279,194
1128,279,368
1129,279,108
1130,279,312
1131,279,330
1132,279,344
1133,279,246
1134,279,54
1135,402,236
1136,402,335
1137,402,227
1138,402,367
1139,402,244
1140,402,229
1141,402,133
1142,402,2
1143,402,96
1144,402,77
1145,402,114
1146,402,218
1147,402,390
1148,402,299
1149,402,19
1150,402,396
1151,402,394
1152,402,230
1153,402,334
1154,402,13
1155,402,115
1156,402,43
1157,402,86
1158,402,362
1159,402,232
1160,402,381
1161,402,120
1162,402,280
1163,402,316
1164,402,42
1165,402,20
1166,402,101
1167,402,60
1168,402,16
1169,402,174
1170,402,105
1171,402,188
1172,402,307
1173,402,234
1174,402,36
1175,402,264
1176,402,310
1177,402,404
1178,402,68
1179,402,222
1180,402,290
1181,340,293
1182,340,141
1183,340,37
1184,340,135
1185,340,166
1186,340,336
1187,340,132
1188,340,320
1189,340,360
1190,345,388
1191,345,23
1192,345,91
1193,345,226
1194,345,7
1195,345,309
1196,345,162
1197,345,64
1198,345,224
1199,345,248
1200,345,15
1201,345,51
1202,345,373
1203,242,17
1204,242,358
1205,242,21
1206,242,403
1207,242,333
1208,242,378
1209,158,370
1210,158,318
1211,158,382
1212,158,81
1213,158,26
1214,158,121
1215,158,341
1216,158,143
1217,158,291
1218,158,253
1219,158,144
1220,199,78
1221,199,319
1222,199,8
1223,199,2
1224,199,221
1225,199,156
1226,199,106
1227,199,386
1228,199,58
1229,199,9
1230,199,147
1231,199,155
1232,199,1
1233,199,266
1234,199,352
1235,199,400
1236,199,168
1237,199,356
1238,199,89
1239,199,220
1240,199,142
1241,199,323
1242,199,130
1243,199,99
1244,199,108
1245,199,146
1246,199,346
1247,199,399
1248,199,295
1249,199,174
1250,199,27
1251,199,33
1252,199,22
1253,199,70
1254,199,74
1255,199,44
1256,199,304
1257,72,10
1258,72,298
1259,72,334
1260,72,326
1261,72,316
1262,72,252
1263,72,301
1264,72,398
1265,72,314
1266,72,68
1267,195,23
1268,195,303
1269,195,190
1270,195,228
1271,195,279
1272,195,87
1273,195,299
1274,195,196
1275,195,29
1276,195,90
1277,195,12
1278,195,67
1279,195,194
1280,195,368
1281,195,108
1282,195,312
1283,195,330
1284,195,344
1285,195,246
1286,195,54
1287,170,263
1288,170,181
1289,377,287
1290,37,293
1291,37,141
1292,37,340
1293,37,135
1294,37,166
1295,37,336
1296,37,132
1297,37,320
1298,37,360
1299,221,78
1300,221,319
1301,221,8
1302,221,2
1303,221,199
1304,221,156
1305,221,106
1306,221,386
1307,221,58
1308,221,9
1309,221,147
1310,221,155
1311,221,1
1312,221,266
1313,221,352
1314,221,400
1315,221,168
1316,221,356
1317,221,89
1318,221,220
1319,221,142
1320,221,323
1321,221,130
1322,221,99
1323,221,108
1324,221,146
1325,221,346
1326,221,399
1327,221,295
1328,221,174
1329,221,27
1330,221,33
1331,221,22
1332,221,70
1333,221,74
1334,221,44
1335,221,304
1336,226,388
1337,226,23
1338,226,102
1339,226,91
1340,226,345
1341,226,77
1342,226,182
1343,226,167
1344,226,260
1345,226,179
1346,226,6
1347,226,7
1348,226,98
1349,226,309
1350,226,193
1351,226,205
1352,226,302
1353,226,162
1354,226,116
1355,226,163
1356,226,25
1357,226,189
1358,226,64
1359,226,183
1360,226,385
1361,226,208
1362,226,224
1363,226,233
1364,226,248
1365,226,15
1366,226,51
1367,226,24
1368,226,373
1369,226,145
1370,226,149
1371,243,371
1372,243,392
1373,243,65
1374,243,61
1375,243,343
1376,243,33
1377,243,165
1378,243,257
1379,156,139
1380,156,171
1381,156,78
1382,156,48
1383,156,374
1384,156,319
1385,156,383
1386,156,113
1387,156,8
1388,156,2
1389,156,199
1390,156,221
1391,156,106
1392,156,386
1393,156,58
1394,156,4
1395,156,297
1396,156,225
1397,156,9
1398,156,147
1399,156,155
1400,156,122
1401,156,1
1402,156,266
1403,156,369
1404,156,352
1405,156,117
1406,156,400
1407,156,168
1408,156,356
1409,156,294
1410,156,75
1411,156,277
1412,156,89
1413,156,118
1414,156,276
1415,156,250
1416,156,220
1417,156,142
1418,156,323
1419,156,130
1420,156,99
1421,156,108
1422,156,146
1423,156,346
1424,156,399
1425,156,140
1426,156,295
1427,156,5
1428,156,174
1429,156,53
1430,156,27
1431,156,175
1432,156,33
1433,156,269
1434,156,22
1435,156,70
1436,156,74
1437,156,44
1438,156,304
1439,106,78
1440,106,319
1441,106,8
1442,106,2
1443,106,199
1444,106,221
1445,106,156
1446,106,386
1447,106,58
1448,106,9
1449,106,147
1450,106,155
1451,106,1
1452,106,266
1453,106,352
1454,106,400
1455,106,168
1456,106,356
1457,106,89
1458,106,220
1459,106,142
1460,106,323
1461,106,130
1462,106,99
1463,106,108
1464,106,146
1465,106,346
1466,106,399
1467,106,295
1468,106,174
1469,106,27
1470,106,33
1471,106,22
1472,106,70
1473,106,74
1474,106,44
1475,106,304
1476,349,139
1477,349,202
1478,349,79
1479,349,88
1480,349,62
1481,349,137
1482,349,259
1483,349,134
1484,349,35
1485,349,334
1486,349,11
1487,349,161
1488,349,233
1489,349,327
1490,349,331
1491,349,286
1492,349,397
1493,349,56
1494,34,355
1495,34,211
1496,296,229
1497,296,241
1498,296,96
1499,296,178
1500,296,20
1501,296,177
1502,296,188
1503,296,36
1504,296,169
1505,270,229
1506,270,29
1507,270,380
1508,270,306
1509,270,119
1510,270,215
1511,270,307
1512,270,361
1513,270,160
1514,270,272
1515,241,229
1516,241,296
1517,241,96
1518,241,178
1519,241,20
1520,241,177
1521,241,188
1522,241,36
1523,241,169
1524,284,351
1525,284,219
1526,284,268
1527,284,281
1528,386,78
1529,386,319
1530,386,8
1531,386,2
1532,386,199
1533,386,221
1534,386,156
1535,386,106
1536,386,58
1537,386,9
1538,386,147
1539,386,155
1540,386,1
1541,386,266
1542,386,352
1543,386,400
1544,386,168
1545,386,356
1546,386,89
1547,386,220
1548,386,142
1549,386,323
1550,386,130
1551,386,99
1552,386,108
1553,386,146
1554,386,346
1555,386,399
1556,386,295
1557,386,174
1558,386,27
1559,386,33
1560,386,22
1561,386,70
1562,386,74
1563,386,44
1564,386,304
1565,96,236
1566,96,335
1567,96,227
1568,96,367
1569,96,244
1570,96,229
1571,96,133
1572,96,2
1573,96,402
1574,96,296
1575,96,241
1576,96,77
1577,96,114
1578,96,218
1579,96,178
1580,96,390
1581,96,299
1582,96,19
1583,96,396
1584,96,394
1585,96,230
1586,96,334
1587,96,13
1588,96,115
1589,96,43
1590,96,86
1591,96,362
1592,96,232
1593,96,381
1594,96,120
1595,96,280
1596,96,316
1597,96,42
1598,96,20
1599,96,101
1600,96,177
1601,96,60
1602,96,16
1603,96,174
1604,96,105
1605,96,188
1606,96,307
1607,96,234
1608,96,36
1609,96,264
1610,96,310
1611,96,404
1612,96,68
1613,96,222
1614,96,169
1615,96,290
1616,10,72
1617,10,298
1618,10,334
1619,10,326
1620,10,316
1621,10,252
1622,10,301
1623,10,398
1624,10,314
1625,10,68
1626,256,185
1627,256,108
1628,87,23
1629,87,303
1630,87,190
1631,87,228
1632,87,279
1633,87,195
1634,87,299
1635,87,196
1636,87,29
1637,87,90
1638,87,12
1639,87,67
1640,87,194
1641,87,368
1642,87,108
1643,87,312
1644,87,330
1645,87,344
1646,87,246
1647,87,54
1648,135,293
1649,135,141
1650,135,340
1651,135,37
1652,135,166
1653,135,336
1654,135,132
1655,135,320
1656,135,360
1657,77,236
1658,77,335
1659,77,85
1660,77,227
1661,77,367
1662,77,244
1663,77,229
1664,77,133
1665,77,2
1666,77,402
1667,77,226
1668,77,96
1669,77,114
1670,77,218
1671,77,390
1672,77,299
1673,77,179
1674,77,19
1675,77,396
1676,77,193
1677,77,205
1678,77,394
1679,77,230
1680,77,334
1681,77,13
1682,77,115
1683,77,43
1684,77,289
1685,77,86
1686,77,362
1687,77,232
1688,77,381
1689,77,120
1690,77,325
1691,77,280
1692,77,316
1693,77,42
1694,77,20
1695,77,25
1696,77,101
1697,77,385
1698,77,60
1699,77,16
1700,77,174
1701,77,105
1702,77,233
1703,77,188
1704,77,104
1705,77,307
1706,77,234
1707,77,36
1708,77,264
1709,77,310
1710,77,404
1711,77,68
1712,77,222
1713,77,290
1714,58,78
1715,58,319
1716,58,8
1717,58,2
1718,58,199
1719,58,221
1720,58,156
1721,58,106
1722,58,386
1723,58,9
1724,58,147
1725,58,155
1726,58,1
1727,58,266
1728,58,352
1729,58,400
1730,58,168
1731,58,356
1732,58,89
1733,58,220
1734,58,142
1735,58,323
1736,58,130
1737,58,99
1738,58,108
1739,58,146
1740,58,346
1741,58,399
1742,58,295
1743,58,174
1744,58,27
1745,58,33
1746,58,22
1747,58,70
1748,58,74
1749,58,44
1750,58,304
1751,4,139
1752,4,171
1753,4,48
1754,4,374
1755,4,383
1756,4,113
1757,4,156
1758,4,297
1759,4,225
1760,4,122
1761,4,369
1762,4,117
1763,4,294
1764,4,75
1765,4,277
1766,4,118
1767,4,276
1768,4,250
1769,4,140
1770,4,5
1771,4,53
1772,4,175
1773,4,269
1774,114,236
1775,114,335
1776,114,227
1777,114,367
1778,114,244
1779,114,229
1780,114,133
1781,114,2
1782,114,402
1783,114,96
1784,114,77
1785,114,218
1786,114,390
1787,114,299
1788,114,19
1789,114,396
1790,114,394
1791,114,230
1792,114,334
1793,114,13
1794,114,115
1795,114,43
1796,114,86
1797,114,362
1798,114,232
1799,114,381
1800,114,120
1801,114,280
1802,114,316
1803,114,42
1804,114,20
1805,114,101
1806,114,60
1807,114,16
1808,114,174
1809,114,105
1810,114,188
1811,114,307
1812,114,234
1813,114,36
1814,114,264
1815,114,310
1816,114,404
1817,114,68
1818,114,222
1819,114,290
1820,259,139
1821,259,202
1822,259,79
1823,259,88
1824,259,62
1825,259,137
1826,259,349
1827,259,134
1828,259,35
1829,259,334
1830,259,11
1831,259,161
1832,259,233
1833,259,327
1834,259,331
1835,259,286
1836,259,397
1837,259,56
1838,357,216
1839,357,292
1840,357,191
1841,357,128
1842,66,387
1843,66,14
1844,66,317
1845,66,217
1846,66,338
1847,66,100
1848,66,76
1849,66,307
1850,235,82
1851,235,59
1852,235,18
1853,235,334
1854,235,300
1855,235,132
1856,235,3
1857,235,210
1858,235,305
1859,166,293
1860,166,141
1861,166,340
1862,166,37
1863,166,135
1864,166,336
1865,166,132
1866,166,320
1867,166,360
1868,182,226
1869,182,167
1870,182,260
1871,182,6
1872,182,183
1873,182,208
1874,182,24
1875,182,149
1876,297,139
1877,297,171
1878,297,48
1879,297,374
1880,297,383
1881,297,113
1882,297,156
1883,297,4
1884,297,225
1885,297,122
1886,297,369
1887,297,117
1888,297,294
1889,297,75
1890,297,277
1891,297,118
1892,297,276
1893,297,250
1894,297,140
1895,297,5
1896,297,53
1897,297,175
1898,297,269
1899,218,236
1900,218,335
1901,218,227
1902,218,367
1903,218,244
1904,218,229
1905,218,133
1906,218,2
1907,218,402
1908,218,96
1909,218,77
1910,218,114
1911,218,390
1912,218,299
1913,218,19
1914,218,396
1915,218,394
1916,218,230
1917,218,334
1918,218,13
1919,218,115
1920,218,43
1921,218,86
1922,218,362
1923,218,232
1924,218,381
1925,218,120
1926,218,280
1927,218,316
1928,218,42
1929,218,20
1930,218,101
1931,218,60
1932,218,16
1933,218,174
1934,218,105
1935,218,188
1936,218,307
1937,218,234
1938,218,36
1939,218,264
1940,218,310
1941,218,404
1942,218,68
1943,218,222
1944,218,290
1945,225,139
1946,225,171
1947,225,48
1948,225,374
1949,225,383
1950,225,113
1951,225,156
1952,225,4
1953,225,297
1954,225,122
1955,225,369
1956,225,117
1957,225,294
1958,225,75
1959,225,277
1960,225,118
1961,225,276
1962,225,250
1963,225,140
1964,225,5
1965,225,53
1966,225,175
1967,225,269
1968,178,229
1969,178,296
1970,178,241
1971,178,96
1972,178,20
1973,178,177
1974,178,188
1975,178,36
1976,178,169
1977,167,226
1978,167,182
1979,167,260
1980,167,6
1981,167,183
1982,167,208
1983,167,24
1984,167,149
1985,21,17
1986,21,358
1987,21,242
1988,21,403
1989,21,333
1990,21,378
1991,9,78
1992,9,319
1993,9,8
1994,9,2
1995,9,199
1996,9,221
1997,9,156
1998,9,106
1999,9,386
2000,9,58
2001,9,147
2002,9,155
2003,9,1
2004,9,266
2005,9,352
2006,9,400
2007,9,168
2008,9,356
2009,9,89
2010,9,220
2011,9,142
2012,9,323
2013,9,130
2014,9,99
2015,9,108
2016,9,146
2017,9,346
2018,9,399
2019,9,295
2020,9,174
2021,9,27
2022,9,33
2023,9,22
2024,9,70
2025,9,74
2026,9,44
2027,9,304
2028,81,370
2029,81,318
2030,81,382
2031,81,158
2032,81,26
2033,81,121
2034,81,341
2035,81,143
2036,81,291
2037,81,253
2038,81,144
2039,164,376
2040,164,103
2041,164,306
2042,164,152
2043,14,387
2044,14,66
2045,14,317
2046,14,217
2047,14,338
2048,14,100
2049,14,76
2050,14,307
2051,93,31
2052,93,112
2053,93,191
2054,93,95
2055,93,211
2056,93,38
2057,93,107
2058,129,55
2059,129,313
2060,129,332
2061,129,273
2062,129,180
2063,129,84
2064,82,235
2065,82,59
2066,82,18
2067,82,334
2068,82,300
2069,82,132
2070,82,3
2071,82,210
2072,82,305
2073,154,97
2074,154,329
2075,154,159
2076,147,78
2077,147,319
2078,147,8
2079,147,2
2080,147,199
2081,147,221
2082,147,156
2083,147,106
2084,147,386
2085,147,58
2086,147,9
2087,147,155
2088,147,1
2089,147,266
2090,147,352
2091,147,400
2092,147,168
2093,147,356
2094,147,89
2095,147,220
2096,147,142
2097,147,323
2098,147,130
2099,147,99
2100,147,108
2101,147,146
2102,147,346
2103,147,399
2104,147,295
2105,147,174
2106,147,27
2107,147,33
2108,147,22
2109,147,70
2110,147,74
2111,147,44
2112,147,304
2113,390,236
2114,390,335
2115,390,227
2116,390,367
2117,390,244
2118,390,229
2119,390,133
2120,390,2
2121,390,402
2122,390,96
2123,390,77
2124,390,114
2125,390,218
2126,390,299
2127,390,19
2128,390,396
2129,390,394
2130,390,230
2131,390,334
2132,390,13
2133,390,115
2134,390,43
2135,390,86
2136,390,362
2137,390,232
2138,390,381
2139,390,120
2140,390,280
2141,390,316
2142,390,42
2143,390,20
2144,390,101
2145,390,60
2146,390,16
2147,390,174
2148,390,105
2149,390,188
2150,390,307
2151,390,234
2152,390,36
2153,390,264
2154,390,310
2155,390,404
2156,390,68
2157,390,222
2158,390,290
2159,299,236
2160,299,23
2161,299,303
2162,299,190
2163,299,335
2164,299,228
2165,299,227
2166,299,367
2167,299,244
2168,299,229
2169,299,133
2170,299,2
2171,299,279
2172,299,402
2173,299,195
2174,299,96
2175,299,87
2176,299,77
2177,299,114
2178,299,218
2179,299,390
2180,299,196
2181,299,29
2182,299,19
2183,299,396
2184,299,394
2185,299,230
2186,299,334
2187,299,13
2188,299,115
2189,299,43
2190,299,86
2191,299,362
2192,299,232
2193,299,381
2194,299,120
2195,299,12
2196,299,67
2197,299,194
2198,299,280
2199,299,316
2200,299,42
2201,299,20
2202,299,368
2203,299,108
2204,299,312
2205,299,101
2206,299,60
2207,299,344
2208,299,16
2209,299,174
2210,299,105
2211,299,188
2212,299,246
2213,299,307
2214,299,234
2215,299,36
2216,299,264
2217,299,310
2218,299,404
2219,299,68
2220,299,222
2221,299,290
2222,155,78
2223,155,319
2224,155,8
2225,155,2
2226,155,199
2227,155,221
2228,155,156
2229,155,106
2230,155,386
2231,155,58
2232,155,9
2233,155,147
2234,155,1
2235,155,266
2236,155,352
2237,155,400
2238,155,168
2239,155,356
2240,155,89
2241,155,220
2242,155,142
2243,155,323
2244,155,130
2245,155,99
2246,155,108
2247,155,146
2248,155,346
2249,155,399
2250,155,295
2251,155,174
2252,155,27
2253,155,33
2254,155,22
2255,155,70
2256,155,74
2257,155,44
2258,155,304
2259,260,226
2260,260,182
2261,260,167
2262,260,6
2263,260,183
2264,260,208
2265,260,24
2266,260,149
2267,112,31
2268,112,93
2269,112,191
2270,112,95
2271,112,211
2272,112,38
2273,112,107
2274,216,357
2275,216,292
2276,216,271
2277,216,249
2278,216,353
2279,216,40
2280,216,191
2281,216,128
2282,216,363
2283,216,148
2284,216,80
2285,196,23
2286,196,303
2287,196,190
2288,196,228
2289,196,279
2290,196,195
2291,196,87
2292,196,299
2293,196,29
2294,196,90
2295,196,12
2296,196,67
2297,196,194
2298,196,368
2299,196,108
2300,196,312
2301,196,330
2302,196,344
2303,196,246
2304,196,54
2305,122,139
2306,122,171
2307,122,48
2308,122,374
2309,122,383
2310,122,113
2311,122,156
2312,122,4
2313,122,297
2314,122,225
2315,122,369
2316,122,117
2317,122,294
2318,122,75
2319,122,277
2320,122,118
2321,122,276
2322,122,250
2323,122,140
2324,122,5
2325,122,53
2326,122,175
2327,122,269
2328,237,350
2329,237,285
2330,237,311
2331,237,359
2332,237,251
2333,237,324
2334,237,28
2335,237,142
2336,237,197
2337,237,127
2338,237,94
2339,237,71
2340,181,263
2341,181,170
2342,179,226
2343,179,77
2344,179,193
2345,179,205
2346,179,25
2347,179,385
2348,179,233
2349,134,139
2350,134,202
2351,134,79
2352,134,88
2353,134,62
2354,134,137
2355,134,349
2356,134,259
2357,134,35
2358,134,334
2359,134,11
2360,134,161
2361,134,233
2362,134,327
2363,134,331
2364,134,286
2365,134,397
2366,134,56
2367,29,23
2368,29,303
2369,29,190
2370,29,228
2371,29,229
2372,29,173
2373,29,279
2374,29,195
2375,29,270
2376,29,87
2377,29,299
2378,29,196
2379,29,57
2380,29,380
2381,29,90
2382,29,12
2383,29,67
2384,29,136
2385,29,194
2386,29,261
2387,29,306
2388,29,368
2389,29,108
2390,29,312
2391,29,119
2392,29,208
2393,29,330
2394,29,344
2395,29,215
2396,29,246
2397,29,138
2398,29,54
2399,29,307
2400,29,361
2401,29,160
2402,29,272
2403,187,389
2404,187,325
2405,187,153
2406,187,104
2407,379,337
2408,379,32
2409,379,247
2410,379,308
2411,379,30
2412,292,357
2413,292,216
2414,292,191
2415,292,128
2416,192,23
2417,192,278
2418,192,239
2419,192,393
2420,192,90
2421,192,384
2422,192,151
2423,192,186
2424,192,401
2425,192,330
2426,192,214
2427,192,176
2428,192,395
2429,192,54
2430,192,365
2431,192,206
2432,125,46
2433,125,157
2434,125,208
2435,209,63
2436,209,223
2437,351,284
2438,351,219
2439,351,268
2440,351,281
2441,311,350
2442,311,285
2443,311,237
2444,311,359
2445,311,251
2446,311,275
2447,311,324
2448,311,28
2449,311,90
2450,311,142
2451,311,315
2452,311,42
2453,311,197
2454,311,127
2455,311,94
2456,311,71
2457,311,68
2458,271,216
2459,271,249
2460,271,353
2461,271,40
2462,271,363
2463,271,148
2464,271,80
2465,6,226
2466,6,182
2467,6,167
2468,6,260
2469,6,183
2470,6,208
2471,6,24
2472,6,149
2473,26,370
2474,26,318
2475,26,382
2476,26,158
2477,26,81
2478,26,121
2479,26,341
2480,26,143
2481,26,291
2482,26,253
2483,26,144
2484,376,164
2485,376,103
2486,376,306
2487,376,152
2488,219,284
2489,219,351
2490,219,268
2491,219,281
2492,393,23
2493,393,278
2494,393,239
2495,393,192
2496,393,90
2497,393,384
2498,393,151
2499,393,186
2500,393,401
2501,393,330
2502,393,214
2503,393,176
2504,393,395
2505,393,54
2506,393,365
2507,393,206
2508,359,350
2509,359,285
2510,359,237
2511,359,311
2512,359,251
2513,359,324
2514,359,28
2515,359,142
2516,359,197
2517,359,127
2518,359,94
2519,359,71
2520,19,236
2521,19,335
2522,19,227
2523,19,367
2524,19,244
2525,19,229
2526,19,133
2527,19,2
2528,19,402
2529,19,96
2530,19,77
2531,19,114
2532,19,218
2533,19,390
2534,19,299
2535,19,396
2536,19,394
2537,19,230
2538,19,334
2539,19,13
2540,19,115
2541,19,43
2542,19,86
2543,19,362
2544,19,232
2545,19,381
2546,19,120
2547,19,280
2548,19,316
2549,19,42
2550,19,20
2551,19,101
2552,19,60
2553,19,16
2554,19,174
2555,19,105
2556,19,188
2557,19,307
2558,19,234
2559,19,36
2560,19,264
2561,19,310
2562,19,404
2563,19,68
2564,19,222
2565,19,290
2566,204,313
2567,204,123
2568,204,283
2569,204,255
2570,204,39
2571,204,49
2572,204,348
2573,59,235
2574,59,82
2575,59,18
2576,59,334
2577,59,300
2578,59,132
2579,59,3
2580,59,210
2581,59,305
2582,298,72
2583,298,10
2584,298,334
2585,298,326
2586,298,316
2587,298,252
2588,298,301
2589,298,398
2590,298,314
2591,298,68
2592,7,388
2593,7,23
2594,7,91
2595,7,345
2596,7,226
2597,7,309
2598,7,162
2599,7,64
2600,7,224
2601,7,248
2602,7,15
2603,7,51
2604,7,373
2605,55,129
2606,55,313
2607,55,332
2608,55,273
2609,55,180
2610,55,84
2611,251,350
2612,251,285
2613,251,237
2614,251,311
2615,251,359
2616,251,324
2617,251,28
2618,251,142
2619,251,197
2620,251,127
2621,251,94
2622,251,71
2623,98,102
2624,98,226
2625,98,302
2626,98,116
2627,98,163
2628,98,189
2629,98,145
2630,366,321
2631,366,45
2632,366,277
2633,366,240
2634,1,78
2635,1,319
2636,1,8
2637,1,2
2638,1,199
2639,1,221
2640,1,156
2641,1,106
2642,1,386
2643,1,58
2644,1,9
2645,1,147
2646,1,155
2647,1,266
2648,1,352
2649,1,400
2650,1,168
2651,1,356
2652,1,89
2653,1,220
2654,1,142
2655,1,323
2656,1,130
2657,1,99
2658,1,108
2659,1,146
2660,1,346
2661,1,399
2662,1,295
2663,1,174
2664,1,27
2665,1,33
2666,1,22
2667,1,70
2668,1,74
2669,1,44
2670,1,304
2671,317,387
2672,317,66
2673,317,14
2674,317,217
2675,317,338
2676,317,100
2677,317,76
2678,317,307
2679,309,388
2680,309,23
2681,309,91
2682,309,345
2683,309,226
2684,309,7
2685,309,162
2686,309,64
2687,309,224
2688,309,248
2689,309,15
2690,309,51
2691,309,373
2692,396,236
2693,396,335
2694,396,227
2695,396,367
2696,396,244
2697,396,229
2698,396,133
2699,396,2
2700,396,402
2701,396,96
2702,396,77
2703,396,114
2704,396,218
2705,396,390
2706,396,299
2707,396,19
2708,396,394
2709,396,230
2710,396,334
2711,396,13
2712,396,115
2713,396,43
2714,396,86
2715,396,362
2716,396,232
2717,396,381
2718,396,120
2719,396,280
2720,396,316
2721,396,42
2722,396,20
2723,396,101
2724,396,60
2725,396,16
2726,396,174
2727,396,105
2728,396,188
2729,396,307
2730,396,234
2731,396,36
2732,396,264
2733,396,310
2734,396,404
2735,396,68
2736,396,222
2737,396,290
2738,57,173
2739,57,29
2740,57,136
2741,57,261
2742,57,208
2743,57,138
2744,193,226
2745,193,77
2746,193,179
2747,193,205
2748,193,25
2749,193,385
2750,193,233
2751,205,226
2752,205,77
2753,205,179
2754,205,193
2755,205,25
2756,205,385
2757,205,233
2758,266,78
2759,266,319
2760,266,8
2761,266,2
2762,266,199
2763,266,221
2764,266,156
2765,266,106
2766,266,386
2767,266,58
2768,266,9
2769,266,147
2770,266,155
2771,266,1
2772,266,352
2773,266,400
2774,266,168
2775,266,356
2776,266,89
2777,266,220
2778,266,142
2779,266,323
2780,266,130
2781,266,99
2782,266,108
2783,266,146
2784,266,346
2785,266,399
2786,266,295
2787,266,174
2788,266,27
2789,266,33
2790,266,22
2791,266,70
2792,266,74
2793,266,44
2794,266,304
2795,275,311
2796,275,90
2797,275,315
2798,275,42
2799,275,94
2800,275,68
2801,322,124
2802,322,47
2803,322,50
2804,35,139
2805,35,202
2806,35,79
2807,35,88
2808,35,62
2809,35,137
2810,35,349
2811,35,259
2812,35,134
2813,35,334
2814,35,11
2815,35,161
2816,35,233
2817,35,327
2818,35,331
2819,35,286
2820,35,397
2821,35,56
2822,324,350
2823,324,258
2824,324,285
2825,324,237
2826,324,311
2827,324,359
2828,324,251
2829,324,28
2830,324,142
2831,324,197
2832,324,127
2833,324,94
2834,324,71
2835,254,184
2836,254,213
2837,249,216
2838,249,271
2839,249,353
2840,249,40
2841,249,363
2842,249,148
2843,249,80
2844,18,235
2845,18,82
2846,18,59
2847,18,334
2848,18,300
2849,18,132
2850,18,3
2851,18,210
2852,18,305
2853,45,321
2854,45,366
2855,45,277
2856,45,240
2857,394,236
2858,394,335
2859,394,227
2860,394,367
2861,394,244
2862,394,229
2863,394,133
2864,394,2
2865,394,402
2866,394,96
2867,394,77
2868,394,114
2869,394,218
2870,394,390
2871,394,299
2872,394,19
2873,394,396
2874,394,230
2875,394,334
2876,394,13
2877,394,115
2878,394,43
2879,394,86
2880,394,362
2881,394,232
2882,394,381
2883,394,120
2884,394,280
2885,394,316
2886,394,42
2887,394,20
2888,394,101
2889,394,60
2890,394,16
2891,394,174
2892,394,105
2893,394,188
2894,394,307
2895,394,234
2896,394,36
2897,394,264
2898,394,310
2899,394,404
2900,394,68
2901,394,222
2902,394,290
2903,313,129
2904,313,204
2905,313,55
2906,313,123
2907,313,283
2908,313,255
2909,313,332
2910,313,273
2911,313,180
2912,313,84
2913,313,39
2914,313,49
2915,313,348
2916,369,139
2917,369,171
2918,369,48
2919,369,374
2920,369,383
2921,369,113
2922,369,156
2923,369,4
2924,369,297
2925,369,225
2926,369,122
2927,369,117
2928,369,294
2929,369,75
2930,369,277
2931,369,118
2932,369,276
2933,369,250
2934,369,140
2935,369,5
2936,369,53
2937,369,175
2938,369,269
2939,352,78
2940,352,319
2941,352,8
2942,352,2
2943,352,199
2944,352,221
2945,352,156
2946,352,106
2947,352,386
2948,352,58
2949,352,9
2950,352,147
2951,352,155
2952,352,1
2953,352,266
2954,352,400
2955,352,168
2956,352,356
2957,352,89
2958,352,220
2959,352,142
2960,352,323
2961,352,130
2962,352,99
2963,352,108
2964,352,146
2965,352,346
2966,352,399
2967,352,295
2968,352,174
2969,352,27
2970,352,33
2971,352,22
2972,352,70
2973,352,74
2974,352,44
2975,352,304
2976,121,370
2977,121,318
2978,121,382
2979,121,158
2980,121,81
2981,121,26
2982,121,341
2983,121,143
2984,121,291
2985,121,253
2986,121,144
2987,117,139
2988,117,171
2989,117,48
2990,117,374
2991,117,383
2992,117,113
2993,117,156
2994,117,4
2995,117,297
2996,117,225
2997,117,122
2998,117,369
2999,117,294
3000,117,75
3001,117,277
3002,117,118
3003,117,276
3004,117,250
3005,117,267
3006,117,140
3007,117,5
3008,117,53
3009,117,175
3010,117,269
3011,117,245
3012,28,350
3013,28,285
3014,28,237
3015,28,311
3016,28,359
3017,28,251
3018,28,324
3019,28,142
3020,28,197
3021,28,127
3022,28,94
3023,28,71
3024,339,238
3025,339,334
3026,339,372
3027,339,109
3028,339,274
3029,339,265
3030,328,41
3031,328,191
3032,328,38
3033,400,78
3034,400,319
3035,400,8
3036,400,2
3037,400,199
3038,400,221
3039,400,156
3040,400,106
3041,400,386
3042,400,58
3043,400,9
3044,400,147
3045,400,155
3046,400,1
3047,400,266
3048,400,352
3049,400,168
3050,400,356
3051,400,89
3052,400,220
3053,400,142
3054,400,323
3055,400,130
3056,400,99
3057,400,108
3058,400,146
3059,400,346
3060,400,399
3061,400,295
3062,400,174
3063,400,27
3064,400,33
3065,400,22
3066,400,70
3067,400,74
3068,400,44
3069,400,304
3070,184,254
3071,184,213
3072,168,78
3073,168,319
3074,168,8
3075,168,2
3076,168,199
3077,168,221
3078,168,156
3079,168,106
3080,168,386
3081,168,58
3082,168,9
3083,168,147
3084,168,155
3085,168,1
3086,168,266
3087,168,352
3088,168,400
3089,168,356
3090,168,89
3091,168,220
3092,168,142
3093,168,323
3094,168,130
3095,168,99
3096,168,108
3097,168,146
3098,168,346
3099,168,399
3100,168,295
3101,168,174
3102,168,27
3103,168,33
3104,168,22
3105,168,70
3106,168,74
3107,168,44
3108,168,304
3109,212,13
3110,212,231
3111,356,78
3112,356,319
3113,356,8
3114,356,2
3115,356,199
3116,356,221
3117,356,156
3118,356,106
3119,356,386
3120,356,58
3121,356,9
3122,356,147
3123,356,155
3124,356,1
3125,356,266
3126,356,352
3127,356,400
3128,356,168
3129,356,89
3130,356,220
3131,356,142
3132,356,323
3133,356,130
3134,356,99
3135,356,108
3136,356,146
3137,356,346
3138,356,399
3139,356,295
3140,356,174
3141,356,27
3142,356,33
3143,356,22
3144,356,70
3145,356,74
3146,356,44
3147,356,304
3148,123,204
3149,123,313
3150,123,283
3151,123,255
3152,123,39
3153,123,49
3154,123,348
3155,336,293
3156,336,141
3157,336,340
3158,336,37
3159,336,135
3160,336,166
3161,336,132
3162,336,320
3163,336,360
3164,230,236
3165,230,335
3166,230,227
3167,230,367
3168,230,244
3169,230,229
3170,230,133
3171,230,2
3172,230,402
3173,230,96
3174,230,77
3175,230,114
3176,230,218
3177,230,390
3178,230,299
3179,230,19
3180,230,396
3181,230,394
3182,230,334
3183,230,13
3184,230,115
3185,230,43
3186,230,86
3187,230,362
3188,230,232
3189,230,381
3190,230,120
3191,230,280
3192,230,316
3193,230,42
3194,230,20
3195,230,101
3196,230,60
3197,230,16
3198,230,174
3199,230,105
3200,230,188
3201,230,307
3202,230,234
3203,230,36
3204,230,264
3205,230,310
3206,230,404
3207,230,68
3208,230,222
3209,230,290
3210,124,322
3211,124,47
3212,124,50
3213,294,139
3214,294,171
3215,294,48
3216,294,374
3217,294,383
3218,294,113
3219,294,156
3220,294,4
3221,294,297
3222,294,225
3223,294,122
3224,294,369
3225,294,117
3226,294,75
3227,294,277
3228,294,118
3229,294,276
3230,294,250
3231,294,140
3232,294,5
3233,294,53
3234,294,175
3235,294,269
3236,334,139
3237,334,236
3238,334,335
3239,334,202
3240,334,79
3241,334,227
3242,334,238
3243,334,367
3244,334,244
3245,334,229
3246,334,133
3247,334,88
3248,334,62
3249,334,2
3250,334,137
3251,334,402
3252,334,72
3253,334,349
3254,334,96
3255,334,10
3256,334,77
3257,334,114
3258,334,259
3259,334,235
3260,334,218
3261,334,82
3262,334,390
3263,334,299
3264,334,134
3265,334,19
3266,334,59
3267,334,298
3268,334,396
3269,334,35
3270,334,18
3271,334,394
3272,334,339
3273,334,230
3274,334,300
3275,334,13
3276,334,115
3277,334,43
3278,334,86
3279,334,326
3280,334,132
3281,334,362
3282,334,232
3283,334,381
3284,334,120
3285,334,11
3286,334,280
3287,334,316
3288,334,42
3289,334,83
3290,334,252
3291,334,161
3292,334,3
3293,334,20
3294,334,101
3295,334,60
3296,334,301
3297,334,16
3298,334,174
3299,334,105
3300,334,233
3301,334,188
3302,334,327
3303,334,307
3304,334,210
3305,334,274
3306,334,234
3307,334,36
3308,334,264
3309,334,398
3310,334,331
3311,334,314
3312,334,286
3313,334,310
3314,334,404
3315,334,397
3316,334,56
3317,334,305
3318,334,68
3319,334,222
3320,334,265
3321,334,290
3322,300,235
3323,300,82
3324,300,59
3325,300,18
3326,300,334
3327,300,132
3328,300,3
3329,300,210
3330,300,305
3331,103,164
3332,103,376
3333,103,306
3334,103,152
3335,380,229
3336,380,270
3337,380,29
3338,380,306
3339,380,119
3340,380,215
3341,380,307
3342,380,361
3343,380,160
3344,380,272
3345,353,216
3346,353,271
3347,353,249
3348,353,40
3349,353,363
3350,353,148
3351,353,80
3352,207,200
3353,207,11
3354,207,68
3355,13,236
3356,13,335
3357,13,227
3358,13,367
3359,13,244
3360,13,229
3361,13,133
3362,13,2
3363,13,402
3364,13,96
3365,13,77
3366,13,114
3367,13,218
3368,13,390
3369,13,299
3370,13,19
3371,13,396
3372,13,394
3373,13,212
3374,13,230
3375,13,334
3376,13,115
3377,13,43
3378,13,231
3379,13,86
3380,13,362
3381,13,232
3382,13,381
3383,13,120
3384,13,280
3385,13,316
3386,13,42
3387,13,20
3388,13,101
3389,13,60
3390,13,16
3391,13,174
3392,13,105
3393,13,188
3394,13,307
3395,13,234
3396,13,36
3397,13,264
3398,13,310
3399,13,404
3400,13,68
3401,13,222
3402,13,290
3403,75,139
3404,75,171
3405,75,48
3406,75,374
3407,75,383
3408,75,113
3409,75,156
3410,75,4
3411,75,297
3412,75,225
3413,75,122
3414,75,369
3415,75,117
3416,75,294
3417,75,277
3418,75,118
3419,75,276
3420,75,250
3421,75,140
3422,75,5
3423,75,53
3424,75,175
3425,75,269
3426,302,102
3427,302,226
3428,302,98
3429,302,116
3430,302,163
3431,302,189
3432,302,145
3433,115,236
3434,115,335
3435,115,227
3436,115,367
3437,115,244
3438,115,229
3439,115,133
3440,115,2
3441,115,402
3442,115,96
3443,115,77
3444,115,114
3445,115,218
3446,115,390
3447,115,299
3448,115,19
3449,115,396
3450,115,394
3451,115,230
3452,115,334
3453,115,13
3454,115,43
3455,115,86
3456,115,362
3457,115,232
3458,115,381
3459,115,120
3460,115,280
3461,115,316
3462,115,42
3463,115,20
3464,115,101
3465,115,60
3466,115,16
3467,115,174
3468,115,105
3469,115,188
3470,115,307
3471,115,234
3472,115,36
3473,115,264
3474,115,310
3475,115,404
3476,115,68
3477,115,222
3478,115,290
3479,43,236
3480,43,335
3481,43,227
3482,43,367
3483,43,244
3484,43,229
3485,43,133
3486,43,2
3487,43,402
3488,43,96
3489,43,77
3490,43,114
3491,43,218
3492,43,390
3493,43,299
3494,43,19
3495,43,396
3496,43,394
3497,43,230
3498,43,334
3499,43,13
3500,43,115
3501,43,86
3502,43,362
3503,43,232
3504,43,381
3505,43,120
3506,43,280
3507,43,316
3508,43,42
3509,43,20
3510,43,101
3511,43,60
3512,43,16
3513,43,174
3514,43,105
3515,43,188
3516,43,307
3517,43,234
3518,43,36
3519,43,264
3520,43,310
3521,43,404
3522,43,68
3523,43,222
3524,43,290
3525,231,212
3526,231,13
3527,283,204
3528,283,313
3529,283,123
3530,283,255
3531,283,39
3532,283,49
3533,283,348
3534,289,85
3535,289,77
3536,289,325
3537,289,104
3538,255,204
3539,255,313
3540,255,123
3541,255,283
3542,255,39
3543,255,49
3544,255,348
3545,150,191
3546,277,139
3547,277,171
3548,277,321
3549,277,48
3550,277,374
3551,277,383
3552,277,113
3553,277,156
3554,277,4
3555,277,297
3556,277,225
3557,277,122
3558,277,366
3559,277,45
3560,277,369
3561,277,117
3562,277,294
3563,277,75
3564,277,118
3565,277,276
3566,277,250
3567,277,140
3568,277,5
3569,277,53
3570,277,240
3571,277,175
3572,277,269
3573,40,216
3574,40,271
3575,40,249
3576,40,353
3577,40,363
3578,40,148
3579,40,80
3580,86,236
3581,86,335
3582,86,227
3583,86,367
3584,86,244
3585,86,229
3586,86,133
3587,86,2
3588,86,402
3589,86,96
3590,86,77
3591,86,114
3592,86,218
3593,86,390
3594,86,299
3595,86,19
3596,86,396
3597,86,394
3598,86,230
3599,86,334
3600,86,13
3601,86,115
3602,86,43
3603,86,362
3604,86,232
3605,86,381
3606,86,120
3607,86,280
3608,86,316
3609,86,42
3610,86,20
3611,86,101
3612,86,60
3613,86,16
3614,86,174
3615,86,105
3616,86,188
3617,86,307
3618,86,234
3619,86,36
3620,86,264
3621,86,310
3622,86,404
3623,86,68
3624,86,222
3625,86,290
3626,191,31
3627,191,41
3628,191,357
3629,191,93
3630,191,112
3631,191,216
3632,191,292
3633,191,328
3634,191,150
3635,191,95
3636,191,128
3637,191,211
3638,191,38
3639,191,107
3640,326,72
3641,326,10
3642,326,298
3643,326,334
3644,326,316
3645,326,252
3646,326,301
3647,326,398
3648,326,314
3649,326,68
3650,47,322
3651,47,124
3652,47,50
3653,157,46
3654,157,125
3655,157,208
3656,95,31
3657,95,93
3658,95,112
3659,95,191
3660,95,211
3661,95,38
3662,95,107
3663,132,293
3664,132,141
3665,132,340
3666,132,37
3667,132,135
3668,132,235
3669,132,166
3670,132,82
3671,132,59
3672,132,18
3673,132,336
3674,132,334
3675,132,300
3676,132,3
3677,132,320
3678,132,360
3679,132,210
3680,132,305
3681,362,236
3682,362,335
3683,362,227
3684,362,367
3685,362,244
3686,362,229
3687,362,133
3688,362,2
3689,362,402
3690,362,96
3691,362,77
3692,362,114
3693,362,218
3694,362,390
3695,362,299
3696,362,19
3697,362,396
3698,362,394
3699,362,230
3700,362,334
3701,362,13
3702,362,115
3703,362,43
3704,362,86
3705,362,232
3706,362,381
3707,362,120
3708,362,280
3709,362,316
3710,362,42
3711,362,20
3712,362,101
3713,362,60
3714,362,16
3715,362,174
3716,362,105
3717,362,188
3718,362,307
3719,362,234
3720,362,36
3721,362,264
3722,362,310
3723,362,404
3724,362,68
3725,362,222
3726,362,290
3727,288,139
3728,288,110
3729,162,388
3730,162,23
3731,162,91
3732,162,345
3733,162,226
3734,162,7
3735,162,309
3736,162,64
3737,162,224
3738,162,248
3739,162,15
3740,162,51
3741,162,373
3742,73,211
3743,73,131
3744,89,78
3745,89,319
3746,89,8
3747,89,2
3748,89,199
3749,89,221
3750,89,156
3751,89,106
3752,89,386
3753,89,58
3754,89,9
3755,89,147
3756,89,155
3757,89,1
3758,89,266
3759,89,352
3760,89,400
3761,89,168
3762,89,356
3763,89,220
3764,89,142
3765,89,323
3766,89,130
3767,89,99
3768,89,108
3769,89,146
3770,89,346
3771,89,399
3772,89,295
3773,89,174
3774,89,27
3775,89,33
3776,89,22
3777,89,70
3778,89,74
3779,89,44
3780,89,304
3781,232,236
3782,232,335
3783,232,227
3784,232,367
3785,232,244
3786,232,229
3787,232,133
3788,232,2
3789,232,402
3790,232,96
3791,232,77
3792,232,114
3793,232,218
3794,232,390
3795,232,299
3796,232,19
3797,232,396
3798,232,394
3799,232,230
3800,232,334
3801,232,13
3802,232,115
3803,232,43
3804,232,86
3805,232,362
3806,232,381
3807,232,120
3808,232,280
3809,232,316
3810,232,42
3811,232,20
3812,232,101
3813,232,60
3814,232,16
3815,232,174
3816,232,105
3817,232,188
3818,232,307
3819,232,234
3820,232,36
3821,232,264
3822,232,310
3823,232,404
3824,232,68
3825,232,222
3826,232,290
3827,392,371
3828,392,243
3829,392,65
3830,392,61
3831,392,343
3832,392,33
3833,392,165
3834,392,257
3835,381,236
3836,381,335
3837,381,227
3838,381,367
3839,381,244
3840,381,229
3841,381,133
3842,381,2
3843,381,402
3844,381,96
3845,381,77
3846,381,114
3847,381,218
3848,381,390
3849,381,299
3850,381,19
3851,381,396
3852,381,394
3853,381,230
3854,381,334
3855,381,13
3856,381,115
3857,381,43
3858,381,86
3859,381,362
3860,381,232
3861,381,120
3862,381,280
3863,381,316
3864,381,42
3865,381,20
3866,381,101
3867,381,60
3868,381,16
3869,381,174
3870,381,105
3871,381,188
3872,381,307
3873,381,234
3874,381,36
3875,381,264
3876,381,310
3877,381,404
3878,381,68
3879,381,222
3880,381,290
3881,97,154
3882,97,329
3883,97,159
3884,203,172
3885,203,316
3886,203,127
3887,203,94
3888,203,201
3889,185,256
3890,185,108
3891,90,23
3892,90,278
3893,90,239
3894,90,192
3895,90,311
3896,90,393
3897,90,275
3898,90,384
3899,90,315
3900,90,42
3901,90,151
3902,90,186
3903,90,401
3904,90,330
3905,90,214
3906,90,176
3907,90,395
3908,90,54
3909,90,94
3910,90,365
3911,90,206
3912,90,68
3913,332,129
3914,332,55
3915,332,313
3916,332,273
3917,332,180
3918,332,84
3919,384,23
3920,384,278
3921,384,239
3922,384,192
3923,384,393
3924,384,90
3925,384,151
3926,384,186
3927,384,401
3928,384,330
3929,384,214
3930,384,176
3931,384,395
3932,384,54
3933,384,365
3934,384,206
3935,342,391
3936,342,354
3937,342,69
3938,118,139
3939,118,171
3940,118,48
3941,118,374
3942,118,383
3943,118,113
3944,118,156
3945,118,4
3946,118,297
3947,118,225
3948,118,122
3949,118,369
3950,118,117
3951,118,294
3952,118,75
3953,118,277
3954,118,276
3955,118,250
3956,118,140
3957,118,5
3958,118,53
3959,118,175
3960,118,269
3961,347,238
3962,347,274
3963,347,92
3964,375,364
3965,375,197
3966,375,198
3967,120,236
3968,120,335
3969,120,227
3970,120,367
3971,120,244
3972,120,229
3973,120,133
3974,120,2
3975,120,402
3976,120,96
3977,120,77
3978,120,114
3979,120,218
3980,120,390
3981,120,299
3982,120,19
3983,120,396
3984,120,394
3985,120,230
3986,120,334
3987,120,13
3988,120,115
3989,120,43
3990,120,86
3991,120,362
3992,120,232
3993,120,381
3994,120,280
3995,120,316
3996,120,42
3997,120,20
3998,120,101
3999,120,60
4000,120,16
4001,120,174
4002,120,105
4003,120,188
4004,120,307
4005,120,234
4006,120,36
4007,120,264
4008,120,310
4009,120,404
4010,120,68
4011,120,222
4012,120,290
4013,273,129
4014,273,55
4015,273,313
4016,273,332
4017,273,180
4018,273,84
4019,180,129
4020,180,55
4021,180,313
4022,180,332
4023,180,273
4024,180,84
4025,12,23
4026,12,303
4027,12,190
4028,12,228
4029,12,279
4030,12,195
4031,12,87
4032,12,299
4033,12,196
4034,12,29
4035,12,90
4036,12,67
4037,12,194
4038,12,368
4039,12,108
4040,12,312
4041,12,330
4042,12,344
4043,12,246
4044,12,54
4045,276,139
4046,276,171
4047,276,48
4048,276,374
4049,276,383
4050,276,113
4051,276,156
4052,276,4
4053,276,297
4054,276,225
4055,276,122
4056,276,369
4057,276,117
4058,276,294
4059,276,75
4060,276,277
4061,276,118
4062,276,250
4063,276,140
4064,276,5
4065,276,53
4066,276,175
4067,276,269
4068,67,23
4069,67,303
4070,67,190
4071,67,228
4072,67,279
4073,67,195
4074,67,87
4075,67,299
4076,67,196
4077,67,29
4078,67,90
4079,67,12
4080,67,194
4081,67,368
4082,67,108
4083,67,312
4084,67,330
4085,67,344
4086,67,246
4087,67,54
4088,250,139
4089,250,171
4090,250,48
4091,250,374
4092,250,383
4093,250,113
4094,250,156
4095,250,4
4096,250,297
4097,250,225
4098,250,122
4099,250,369
4100,250,117
4101,250,294
4102,250,75
4103,250,277
4104,250,118
4105,250,276
4106,250,140
4107,250,5
4108,250,53
4109,250,175
4110,250,269
4111,136,173
4112,136,29
4113,136,57
4114,136,261
4115,136,208
4116,136,138
4117,128,357
4118,128,216
4119,128,292
4120,128,191
4121,220,78
4122,220,319
4123,220,8
4124,220,2
4125,220,199
4126,220,221
4127,220,156
4128,220,106
4129,220,386
4130,220,58
4131,220,9
4132,220,147
4133,220,155
4134,220,1
4135,220,266
4136,220,352
4137,220,400
4138,220,168
4139,220,356
4140,220,89
4141,220,142
4142,220,323
4143,220,130
4144,220,99
4145,220,108
4146,220,146
4147,220,346
4148,220,399
4149,220,295
4150,220,174
4151,220,27
4152,220,33
4153,220,22
4154,220,70
4155,220,74
4156,220,44
4157,220,304
4158,341,370
4159,341,318
4160,341,382
4161,341,158
4162,341,81
4163,341,26
4164,341,121
4165,341,143
4166,341,291
4167,341,253
4168,341,144
4169,364,375
4170,364,197
4171,364,198
4172,11,139
4173,11,200
4174,11,202
4175,11,79
4176,11,88
4177,11,62
4178,11,137
4179,11,349
4180,11,259
4181,11,134
4182,11,35
4183,11,334
4184,11,207
4185,11,161
4186,11,233
4187,11,327
4188,11,331
4189,11,286
4190,11,397
4191,11,56
4192,11,68
4193,142,350
4194,142,78
4195,142,319
4196,142,8
4197,142,2
4198,142,285
4199,142,199
4200,142,221
4201,142,156
4202,142,106
4203,142,386
4204,142,58
4205,142,9
4206,142,147
4207,142,155
4208,142,237
4209,142,311
4210,142,359
4211,142,251
4212,142,1
4213,142,266
4214,142,324
4215,142,352
4216,142,28
4217,142,400
4218,142,168
4219,142,356
4220,142,89
4221,142,220
4222,142,323
4223,142,130
4224,142,99
4225,142,108
4226,142,146
4227,142,346
4228,142,399
4229,142,197
4230,142,127
4231,142,295
4232,142,174
4233,142,94
4234,142,27
4235,142,33
4236,142,22
4237,142,70
4238,142,71
4239,142,74
4240,142,44
4241,142,304
4242,63,209
4243,63,223
4244,194,23
4245,194,303
4246,194,190
4247,194,228
4248,194,279
4249,194,195
4250,194,87
4251,194,299
4252,194,196
4253,194,29
4254,194,90
4255,194,12
4256,194,67
4257,194,368
4258,194,108
4259,194,312
4260,194,330
4261,194,344
4262,194,246
4263,194,54
4264,325,85
4265,325,389
4266,325,77
4267,325,187
4268,325,289
4269,325,153
4270,325,104
4271,261,173
4272,261,29
4273,261,57
4274,261,136
4275,261,208
4276,261,138
4277,306,229
4278,306,270
4279,306,164
4280,306,29
4281,306,376
4282,306,103
4283,306,380
4284,306,152
4285,306,119
4286,306,215
4287,306,307
4288,306,361
4289,306,160
4290,306,272
4291,262,211
4292,84,129
4293,84,55
4294,84,313
4295,84,332
4296,84,273
4297,84,180
4298,280,236
4299,280,335
4300,280,227
4301,280,367
4302,280,244
4303,280,229
4304,280,133
4305,280,2
4306,280,402
4307,280,96
4308,280,77
4309,280,114
4310,280,218
4311,280,390
4312,280,299
4313,280,19
4314,280,396
4315,280,394
4316,280,230
4317,280,334
4318,280,13
4319,280,115
4320,280,43
4321,280,86
4322,280,362
4323,280,232
4324,280,381
4325,280,120
4326,280,316
4327,280,42
4328,280,20
4329,280,101
4330,280,60
4331,280,16
4332,280,174
4333,280,105
4334,280,188
4335,280,307
4336,280,234
4337,280,36
4338,280,264
4339,280,310
4340,280,404
4341,280,68
4342,280,222
4343,280,290
4344,316,236
4345,316,335
4346,316,227
4347,316,367
4348,316,244
4349,316,229
4350,316,133
4351,316,2
4352,316,172
4353,316,402
4354,316,72
4355,316,96
4356,316,10
4357,316,77
4358,316,114
4359,316,218
4360,316,390
4361,316,299
4362,316,19
4363,316,298
4364,316,396
4365,316,394
4366,316,230
4367,316,334
4368,316,13
4369,316,115
4370,316,43
4371,316,86
4372,316,326
4373,316,362
4374,316,232
4375,316,381
4376,316,203
4377,316,120
4378,316,280
4379,316,42
4380,316,252
4381,316,20
4382,316,101
4383,316,127
4384,316,60
4385,316,301
4386,316,16
4387,316,174
4388,316,105
4389,316,188
4390,316,94
4391,316,307
4392,316,234
4393,316,36
4394,316,264
4395,316,398
4396,316,314
4397,316,310
4398,316,404
4399,316,68
4400,316,222
4401,316,201
4402,316,290
4403,247,337
4404,247,32
4405,247,379
4406,247,308
4407,247,30
4408,315,311
4409,315,275
4410,315,90
4411,315,42
4412,315,94
4413,315,68
4414,217,387
4415,217,66
4416,217,14
4417,217,317
4418,217,338
4419,217,100
4420,217,76
4421,217,307
4422,42,236
4423,42,335
4424,42,227
4425,42,367
4426,42,244
4427,42,229
4428,42,133
4429,42,2
4430,42,402
4431,42,96
4432,42,77
4433,42,114
4434,42,218
4435,42,390
4436,42,299
4437,42,311
4438,42,19
4439,42,396
4440,42,275
4441,42,394
4442,42,230
4443,42,334
4444,42,13
4445,42,115
4446,42,43
4447,42,86
4448,42,362
4449,42,232
4450,42,381
4451,42,90
4452,42,120
4453,42,280
4454,42,316
4455,42,315
4456,42,20
4457,42,101
4458,42,60
4459,42,16
4460,42,174
4461,42,105
4462,42,188
4463,42,94
4464,42,307
4465,42,234
4466,42,36
4467,42,264
4468,42,310
4469,42,404
4470,42,68
4471,42,222
4472,42,290
4473,116,102
4474,116,226
4475,116,98
4476,116,302
4477,116,163
4478,116,189
4479,116,145
4480,323,78
4481,323,319
4482,323,8
4483,323,2
4484,323,199
4485,323,221
4486,323,156
4487,323,106
4488,323,386
4489,323,58
4490,323,9
4491,323,147
4492,323,155
4493,323,1
4494,323,266
4495,323,352
4496,323,400
4497,323,168
4498,323,356
4499,323,89
4500,323,220
4501,323,142
4502,323,130
4503,323,99
4504,323,108
4505,323,146
4506,323,346
4507,323,399
4508,323,295
4509,323,174
4510,323,27
4511,323,33
4512,323,22
4513,323,70
4514,323,74
4515,323,44
4516,323,304
4517,372,238
4518,372,339
4519,372,109
4520,83,62
4521,83,334
4522,83,265
4523,252,72
4524,252,10
4525,252,298
4526,252,334
4527,252,326
4528,252,316
4529,252,301
4530,252,398
4531,252,314
4532,252,68
4533,363,216
4534,363,271
4535,363,249
4536,363,353
4537,363,40
4538,363,148
4539,363,80
4540,130,78
4541,130,319
4542,130,8
4543,130,2
4544,130,199
4545,130,221
4546,130,156
4547,130,106
4548,130,386
4549,130,58
4550,130,9
4551,130,147
4552,130,155
4553,130,1
4554,130,266
4555,130,352
4556,130,400
4557,130,168
4558,130,356
4559,130,89
4560,130,220
4561,130,142
4562,130,323
4563,130,99
4564,130,108
4565,130,146
4566,130,346
4567,130,399
4568,130,295
4569,130,174
4570,130,27
4571,130,33
4572,130,22
4573,130,70
4574,130,74
4575,130,44
4576,130,304
4577,161,139
4578,161,202
4579,161,79
4580,161,88
4581,161,62
4582,161,137
4583,161,349
4584,161,259
4585,161,134
4586,161,35
4587,161,334
4588,161,11
4589,161,233
4590,161,327
4591,161,331
4592,161,286
4593,161,397
4594,161,56
4595,3,235
4596,3,82
4597,3,59
4598,3,18
4599,3,334
4600,3,300
4601,3,132
4602,3,210
4603,3,305
4604,20,236
4605,20,335
4606,20,227
4607,20,367
4608,20,244
4609,20,229
4610,20,133
4611,20,2
4612,20,402
4613,20,296
4614,20,241
4615,20,96
4616,20,77
4617,20,114
4618,20,218
4619,20,178
4620,20,390
4621,20,299
4622,20,19
4623,20,396
4624,20,394
4625,20,230
4626,20,334
4627,20,13
4628,20,115
4629,20,43
4630,20,86
4631,20,362
4632,20,232
4633,20,381
4634,20,120
4635,20,280
4636,20,316
4637,20,42
4638,20,101
4639,20,177
4640,20,60
4641,20,16
4642,20,174
4643,20,105
4644,20,188
4645,20,307
4646,20,234
4647,20,36
4648,20,264
4649,20,310
4650,20,404
4651,20,68
4652,20,222
4653,20,169
4654,20,290
4655,39,204
4656,39,313
4657,39,123
4658,39,283
4659,39,255
4660,39,49
4661,39,348
4662,163,102
4663,163,226
4664,163,98
4665,163,302
4666,163,116
4667,163,189
4668,163,145
4669,282,258
4670,282,110
4671,99,78
4672,99,319
4673,99,8
4674,99,2
4675,99,199
4676,99,221
4677,99,156
4678,99,106
4679,99,386
4680,99,58
4681,99,9
4682,99,147
4683,99,155
4684,99,1
4685,99,266
4686,99,352
4687,99,400
4688,99,168
4689,99,356
4690,99,89
4691,99,220
4692,99,142
4693,99,323
4694,99,130
4695,99,108
4696,99,146
4697,99,346
4698,99,399
4699,99,295
4700,99,174
4701,99,27
4702,99,33
4703,99,22
4704,99,70
4705,99,74
4706,99,44
4707,99,304
4708,338,387
4709,338,66
4710,338,14
4711,338,317
4712,338,217
4713,338,100
4714,338,76
4715,338,307
4716,49,204
4717,49,313
4718,49,123
4719,49,283
4720,49,255
4721,49,39
4722,49,348
4723,100,387
4724,100,66
4725,100,14
4726,100,317
4727,100,217
4728,100,338
4729,100,76
4730,100,307
4731,368,23
4732,368,303
4733,368,190
4734,368,228
4735,368,279
4736,368,195
4737,368,87
4738,368,299
4739,368,196
4740,368,29
4741,368,90
4742,368,12
4743,368,67
4744,368,194
4745,368,108
4746,368,312
4747,368,330
4748,368,344
4749,368,246
4750,368,54
4751,151,23
4752,151,278
4753,151,239
4754,151,192
4755,151,393
4756,151,90
4757,151,384
4758,151,186
4759,151,401
4760,151,330
4761,151,214
4762,151,176
4763,151,395
4764,151,54
4765,151,365
4766,151,206
4767,391,342
4768,391,354
4769,391,69
4770,143,370
4771,143,318
4772,143,382
4773,143,158
4774,143,81
4775,143,26
4776,143,121
4777,143,341
4778,143,291
4779,143,253
4780,143,144
4781,348,204
4782,348,313
4783,348,123
4784,348,283
4785,348,255
4786,348,39
4787,348,49
4788,109,238
4789,109,339
4790,109,372
4791,268,284
4792,268,351
4793,268,219
4794,268,281
4795,108,23
4796,108,303
4797,108,190
4798,108,228
4799,108,78
4800,108,319
4801,108,8
4802,108,2
4803,108,279
4804,108,199
4805,108,195
4806,108,221
4807,108,156
4808,108,106
4809,108,386
4810,108,256
4811,108,87
4812,108,58
4813,108,9
4814,108,147
4815,108,299
4816,108,155
4817,108,196
4818,108,29
4819,108,1
4820,108,266
4821,108,352
4822,108,400
4823,108,168
4824,108,356
4825,108,89
4826,108,185
4827,108,12
4828,108,67
4829,108,220
4830,108,142
4831,108,194
4832,108,323
4833,108,130
4834,108,99
4835,108,368
4836,108,146
4837,108,312
4838,108,346
4839,108,399
4840,108,295
4841,108,344
4842,108,174
4843,108,246
4844,108,27
4845,108,33
4846,108,22
4847,108,70
4848,108,74
4849,108,44
4850,108,304
4851,355,34
4852,355,211
4853,146,78
4854,146,319
4855,146,8
4856,146,2
4857,146,199
4858,146,221
4859,146,156
4860,146,106
4861,146,386
4862,146,58
4863,146,9
4864,146,147
4865,146,155
4866,146,1
4867,146,266
4868,146,352
4869,146,400
4870,146,168
4871,146,356
4872,146,89
4873,146,220
4874,146,142
4875,146,323
4876,146,130
4877,146,99
4878,146,108
4879,146,346
4880,146,399
4881,146,295
4882,146,174
4883,146,27
4884,146,33
4885,146,22
4886,146,70
4887,146,74
4888,146,44
4889,146,304
4890,25,226
4891,25,77
4892,25,179
4893,25,193
4894,25,205
4895,25,385
4896,25,233
4897,65,371
4898,65,243
4899,65,392
4900,65,61
4901,65,343
4902,65,33
4903,65,165
4904,65,257
4905,312,23
4906,312,303
4907,312,190
4908,312,228
4909,312,279
4910,312,195
4911,312,87
4912,312,299
4913,312,196
4914,312,29
4915,312,90
4916,312,12
4917,312,67
4918,312,194
4919,312,368
4920,312,108
4921,312,330
4922,312,344
4923,312,246
4924,312,54
4925,267,117
4926,267,245
4927,186,23
4928,186,278
4929,186,239
4930,186,192
4931,186,393
4932,186,90
4933,186,384
4934,186,151
4935,186,401
4936,186,330
4937,186,214
4938,186,176
4939,186,395
4940,186,54
4941,186,365
4942,186,206
4943,213,254
4944,213,184
4945,346,78
4946,346,319
4947,346,8
4948,346,2
4949,346,199
4950,346,221
4951,346,156
4952,346,106
4953,346,386
4954,346,58
4955,346,9
4956,346,147
4957,346,155
4958,346,1
4959,346,266
4960,346,352
4961,346,400
4962,346,168
4963,346,356
4964,346,89
4965,346,220
4966,346,142
4967,346,323
4968,346,130
4969,346,99
4970,346,108
4971,346,146
4972,346,399
4973,346,295
4974,346,174
4975,346,27
4976,346,33
4977,346,22
4978,346,70
4979,346,74
4980,346,44
4981,346,304
4982,152,164
4983,152,376
4984,152,103
4985,152,306
4986,189,102
4987,189,226
4988,189,98
4989,189,302
4990,189,116
4991,189,163
4992,189,145
4993,399,78
4994,399,319
4995,399,8
4996,399,2
4997,399,199
4998,399,221
4999,399,156
5000,399,106
5001,399,386
5002,399,58
5003,399,9
5004,399,147
5005,399,155
5006,399,1
5007,399,266
5008,399,352
5009,399,400
5010,399,168
5011,399,356
5012,399,89
5013,399,220
5014,399,142
5015,399,323
5016,399,130
5017,399,99
5018,399,108
5019,399,146
5020,399,346
5021,399,295
5022,399,174
5023,399,27
5024,399,33
5025,399,22
5026,399,70
5027,399,74
5028,399,44
5029,399,304
5030,101,236
5031,101,335
5032,101,227
5033,101,367
5034,101,244
5035,101,229
5036,101,133
5037,101,2
5038,101,402
5039,101,96
5040,101,77
5041,101,114
5042,101,218
5043,101,390
5044,101,299
5045,101,19
5046,101,396
5047,101,394
5048,101,230
5049,101,334
5050,101,13
5051,101,115
5052,101,43
5053,101,86
5054,101,362
5055,101,232
5056,101,381
5057,101,120
5058,101,280
5059,101,316
5060,101,42
5061,101,20
5062,101,60
5063,101,16
5064,101,174
5065,101,105
5066,101,188
5067,101,307
5068,101,234
5069,101,36
5070,101,264
5071,101,310
5072,101,404
5073,101,68
5074,101,222
5075,101,290
5076,320,293
5077,320,141
5078,320,340
5079,320,37
5080,320,135
5081,320,166
5082,320,336
5083,320,132
5084,320,360
5085,360,293
5086,360,141
5087,360,340
5088,360,37
5089,360,135
5090,360,166
5091,360,336
5092,360,132
5093,360,320
5094,177,229
5095,177,296
5096,177,241
5097,177,96
5098,177,178
5099,177,20
5100,177,188
5101,177,36
5102,177,169
5103,401,23
5104,401,278
5105,401,239
5106,401,192
5107,401,393
5108,401,90
5109,401,384
5110,401,151
5111,401,186
5112,401,330
5113,401,214
5114,401,176
5115,401,395
5116,401,54
5117,401,365
5118,401,206
5119,140,139
5120,140,171
5121,140,48
5122,140,374
5123,140,383
5124,140,113
5125,140,156
5126,140,4
5127,140,297
5128,140,225
5129,140,122
5130,140,369
5131,140,117
5132,140,294
5133,140,75
5134,140,277
5135,140,118
5136,140,276
5137,140,250
5138,140,5
5139,140,53
5140,140,175
5141,140,269
5142,64,388
5143,64,23
5144,64,91
5145,64,345
5146,64,226
5147,64,7
5148,64,309
5149,64,162
5150,64,224
5151,64,248
5152,64,15
5153,64,51
5154,64,373
5155,308,337
5156,308,32
5157,308,379
5158,308,247
5159,308,30
5160,197,350
5161,197,285
5162,197,237
5163,197,311
5164,197,359
5165,197,251
5166,197,324
5167,197,28
5168,197,375
5169,197,364
5170,197,142
5171,197,127
5172,197,198
5173,197,94
5174,197,71
5175,110,139
5176,110,258
5177,110,288
5178,110,282
5179,61,371
5180,61,243
5181,61,392
5182,61,65
5183,61,343
5184,61,33
5185,61,165
5186,61,257
5187,354,342
5188,354,391
5189,354,69
5190,343,371
5191,343,243
5192,343,392
5193,343,65
5194,343,61
5195,343,33
5196,343,165
5197,343,257
5198,127,350
5199,127,285
5200,127,172
5201,127,237
5202,127,311
5203,127,359
5204,127,251
5205,127,324
5206,127,28
5207,127,203
5208,127,142
5209,127,316
5210,127,197
5211,127,94
5212,127,71
5213,127,201
5214,198,375
5215,198,364
5216,198,197
5217,291,370
5218,291,318
5219,291,382
5220,291,158
5221,291,81
5222,291,26
5223,291,121
5224,291,341
5225,291,143
5226,291,253
5227,291,144
5228,329,154
5229,329,97
5230,329,159
5231,183,226
5232,183,182
5233,183,167
5234,183,260
5235,183,6
5236,183,208
5237,183,24
5238,183,149
5239,119,229
5240,119,270
5241,119,29
5242,119,380
5243,119,306
5244,119,215
5245,119,307
5246,119,361
5247,119,160
5248,119,272
5249,295,78
5250,295,319
5251,295,8
5252,295,2
5253,295,199
5254,295,221
5255,295,156
5256,295,106
5257,295,386
5258,295,58
5259,295,9
5260,295,147
5261,295,155
5262,295,1
5263,295,266
5264,295,352
5265,295,400
5266,295,168
5267,295,356
5268,295,89
5269,295,220
5270,295,142
5271,295,323
5272,295,130
5273,295,99
5274,295,108
5275,295,146
5276,295,346
5277,295,399
5278,295,174
5279,295,27
5280,295,33
5281,295,22
5282,295,70
5283,295,74
5284,295,44
5285,295,304
5286,403,17
5287,403,358
5288,403,242
5289,403,21
5290,403,333
5291,403,378
5292,385,226
5293,385,77
5294,385,179
5295,385,193
5296,385,205
5297,385,25
5298,385,233
5299,208,173
5300,208,46
5301,208,226
5302,208,182
5303,208,167
5304,208,260
5305,208,29
5306,208,125
5307,208,6
5308,208,57
5309,208,157
5310,208,136
5311,208,261
5312,208,183
5313,208,138
5314,208,24
5315,208,52
5316,208,149
5317,5,139
5318,5,171
5319,5,48
5320,5,374
5321,5,383
5322,5,113
5323,5,156
5324,5,4
5325,5,297
5326,5,225
5327,5,122
5328,5,369
5329,5,117
5330,5,294
5331,5,75
5332,5,277
5333,5,118
5334,5,276
5335,5,250
5336,5,140
5337,5,53
5338,5,175
5339,5,269
5340,153,389
5341,153,187
5342,153,325
5343,153,104
5344,330,23
5345,330,278
5346,330,239
5347,330,192
5348,330,393
5349,330,90
5350,330,384
5351,330,151
5352,330,186
5353,330,401
5354,330,214
5355,330,176
5356,330,395
5357,330,54
5358,330,365
5359,330,206
5360,224,388
5361,224,23
5362,224,91
5363,224,345
5364,224,226
5365,224,7
5366,224,309
5367,224,162
5368,224,64
5369,224,248
5370,224,15
5371,224,51
5372,224,373
5373,60,236
5374,60,335
5375,60,227
5376,60,367
5377,60,244
5378,60,229
5379,60,133
5380,60,2
5381,60,402
5382,60,96
5383,60,77
5384,60,114
5385,60,218
5386,60,390
5387,60,299
5388,60,19
5389,60,396
5390,60,394
5391,60,230
5392,60,334
5393,60,13
5394,60,115
5395,60,43
5396,60,86
5397,60,362
5398,60,232
5399,60,381
5400,60,120
5401,60,280
5402,60,316
5403,60,42
5404,60,20
5405,60,101
5406,60,16
5407,60,174
5408,60,105
5409,60,188
5410,60,307
5411,60,234
5412,60,36
5413,60,264
5414,60,310
5415,60,404
5416,60,68
5417,60,222
5418,60,290
5419,301,72
5420,301,10
5421,301,298
5422,301,334
5423,301,326
5424,301,316
5425,301,252
5426,301,398
5427,301,314
5428,301,68
5429,344,23
5430,344,303
5431,344,190
5432,344,228
5433,344,279
5434,344,195
5435,344,87
5436,344,299
5437,344,196
5438,344,29
5439,344,90
5440,344,12
5441,344,67
5442,344,194
5443,344,368
5444,344,108
5445,344,312
5446,344,330
5447,344,246
5448,344,54
5449,214,23
5450,214,278
5451,214,239
5452,214,192
5453,214,393
5454,214,90
5455,214,384
5456,214,151
5457,214,186
5458,214,401
5459,214,330
5460,214,176
5461,214,395
5462,214,54
5463,214,365
5464,214,206
5465,215,229
5466,215,270
5467,215,29
5468,215,380
5469,215,306
5470,215,119
5471,215,307
5472,215,361
5473,215,160
5474,215,272
5475,16,236
5476,16,335
5477,16,227
5478,16,367
5479,16,244
5480,16,229
5481,16,133
5482,16,2
5483,16,402
5484,16,96
5485,16,77
5486,16,114
5487,16,218
5488,16,390
5489,16,299
5490,16,19
5491,16,396
5492,16,394
5493,16,230
5494,16,334
5495,16,13
5496,16,115
5497,16,43
5498,16,86
5499,16,362
5500,16,232
5501,16,381
5502,16,120
5503,16,280
5504,16,316
5505,16,42
5506,16,20
5507,16,101
5508,16,60
5509,16,174
5510,16,105
5511,16,188
5512,16,307
5513,16,234
5514,16,36
5515,16,264
5516,16,310
5517,16,404
5518,16,68
5519,16,222
5520,16,290
5521,174,236
5522,174,335
5523,174,227
5524,174,78
5525,174,367
5526,174,244
5527,174,229
5528,174,319
5529,174,133
5530,174,8
5531,174,2
5532,174,402
5533,174,199
5534,174,221
5535,174,156
5536,174,106
5537,174,386
5538,174,96
5539,174,77
5540,174,58
5541,174,114
5542,174,218
5543,174,9
5544,174,147
5545,174,390
5546,174,299
5547,174,155
5548,174,19
5549,174,1
5550,174,396
5551,174,266
5552,174,394
5553,174,352
5554,174,400
5555,174,168
5556,174,356
5557,174,230
5558,174,334
5559,174,13
5560,174,115
5561,174,43
5562,174,86
5563,174,362
5564,174,89
5565,174,232
5566,174,381
5567,174,120
5568,174,220
5569,174,142
5570,174,280
5571,174,316
5572,174,42
5573,174,323
5574,174,130
5575,174,20
5576,174,99
5577,174,108
5578,174,146
5579,174,346
5580,174,399
5581,174,101
5582,174,295
5583,174,60
5584,174,16
5585,174,105
5586,174,188
5587,174,27
5588,174,307
5589,174,234
5590,174,36
5591,174,264
5592,174,33
5593,174,22
5594,174,70
5595,174,310
5596,174,404
5597,174,68
5598,174,222
5599,174,74
5600,174,44
5601,174,304
5602,174,290
5603,281,284
5604,281,351
5605,281,219
5606,281,268
5607,53,139
5608,53,171
5609,53,48
5610,53,374
5611,53,383
5612,53,113
5613,53,156
5614,53,4
5615,53,297
5616,53,225
5617,53,122
5618,53,369
5619,53,117
5620,53,294
5621,53,75
5622,53,277
5623,53,118
5624,53,276
5625,53,250
5626,53,140
5627,53,5
5628,53,175
5629,53,269
5630,105,236
5631,105,335
5632,105,227
5633,105,367
5634,105,244
5635,105,229
5636,105,133
5637,105,2
5638,105,402
5639,105,96
5640,105,77
5641,105,114
5642,105,218
5643,105,390
5644,105,299
5645,105,19
5646,105,396
5647,105,394
5648,105,230
5649,105,334
5650,105,13
5651,105,115
5652,105,43
5653,105,86
5654,105,362
5655,105,232
5656,105,381
5657,105,120
5658,105,280
5659,105,316
5660,105,42
5661,105,20
5662,105,101
5663,105,60
5664,105,16
5665,105,174
5666,105,188
5667,105,307
5668,105,234
5669,105,36
5670,105,264
5671,105,310
5672,105,404
5673,105,68
5674,105,222
5675,105,290
5676,233,139
5677,233,202
5678,233,79
5679,233,88
5680,233,62
5681,233,137
5682,233,226
5683,233,349
5684,233,77
5685,233,259
5686,233,179
5687,233,134
5688,233,193
5689,233,205
5690,233,35
5691,233,334
5692,233,11
5693,233,161
5694,233,25
5695,233,385
5696,233,327
5697,233,331
5698,233,286
5699,233,397
5700,233,56
5701,176,23
5702,176,278
5703,176,239
5704,176,192
5705,176,393
5706,176,90
5707,176,384
5708,176,151
5709,176,186
5710,176,401
5711,176,330
5712,176,214
5713,176,395
5714,176,54
5715,176,365
5716,176,206
5717,395,23
5718,395,278
5719,395,239
5720,395,192
5721,395,393
5722,395,90
5723,395,384
5724,395,151
5725,395,186
5726,395,401
5727,395,330
5728,395,214
5729,395,176
5730,395,54
5731,395,365
5732,395,206
5733,188,236
5734,188,335
5735,188,227
5736,188,367
5737,188,244
5738,188,229
5739,188,133
5740,188,2
5741,188,402
5742,188,296
5743,188,241
5744,188,96
5745,188,77
5746,188,114
5747,188,218
5748,188,178
5749,188,390
5750,188,299
5751,188,19
5752,188,396
5753,188,394
5754,188,230
5755,188,334
5756,188,13
5757,188,115
5758,188,43
5759,188,86
5760,188,362
5761,188,232
5762,188,381
5763,188,120
5764,188,280
5765,188,316
5766,188,42
5767,188,20
5768,188,101
5769,188,177
5770,188,60
5771,188,16
5772,188,174
5773,188,105
5774,188,307
5775,188,234
5776,188,36
5777,188,264
5778,188,310
5779,188,404
5780,188,68
5781,188,222
5782,188,169
5783,188,290
5784,333,17
5785,333,358
5786,333,242
5787,333,21
5788,333,403
5789,333,378
5790,246,23
5791,246,303
5792,246,190
5793,246,228
5794,246,279
5795,246,195
5796,246,87
5797,246,299
5798,246,196
5799,246,29
5800,246,90
5801,246,12
5802,246,67
5803,246,194
5804,246,368
5805,246,108
5806,246,312
5807,246,330
5808,246,344
5809,246,54
5810,248,388
5811,248,23
5812,248,91
5813,248,345
5814,248,226
5815,248,7
5816,248,309
5817,248,162
5818,248,64
5819,248,224
5820,248,15
5821,248,51
5822,248,373
5823,327,139
5824,327,202
5825,327,79
5826,327,88
5827,327,62
5828,327,137
5829,327,349
5830,327,259
5831,327,134
5832,327,35
5833,327,334
5834,327,11
5835,327,161
5836,327,233
5837,327,331
5838,327,286
5839,327,397
5840,327,56
5841,138,173
5842,138,29
5843,138,57
5844,138,136
5845,138,261
5846,138,208
5847,240,321
5848,240,366
5849,240,45
5850,240,277
5851,211,31
5852,211,34
5853,211,93
5854,211,112
5855,211,191
5856,211,95
5857,211,73
5858,211,262
5859,211,355
5860,211,131
5861,211,38
5862,211,111
5863,211,107
5864,131,73
5865,131,211
5866,54,23
5867,54,278
5868,54,239
5869,54,192
5870,54,393
5871,54,90
5872,54,384
5873,54,151
5874,54,186
5875,54,401
5876,54,330
5877,54,214
5878,54,176
5879,54,395
5880,54,365
5881,54,206
5882,94,350
5883,94,285
5884,94,172
5885,94,237
5886,94,311
5887,94,359
5888,94,251
5889,94,275
5890,94,324
5891,94,28
5892,94,203
5893,94,90
5894,94,142
5895,94,316
5896,94,315
5897,94,42
5898,94,197
5899,94,127
5900,94,71
5901,94,68
5902,94,201
5903,15,388
5904,15,23
5905,15,91
5906,15,345
5907,15,226
5908,15,7
5909,15,309
5910,15,162
5911,15,64
5912,15,224
5913,15,248
5914,15,51
5915,15,373
5916,50,322
5917,50,124
5918,50,47
5919,365,23
5920,365,278
5921,365,239
5922,365,192
5923,365,393
5924,365,90
5925,365,384
5926,365,151
5927,365,186
5928,365,401
5929,365,330
5930,365,214
5931,365,176
5932,365,395
5933,365,54
5934,365,206
5935,27,78
5936,27,319
5937,27,8
5938,27,2
5939,27,199
5940,27,221
5941,27,156
5942,27,106
5943,27,386
5944,27,58
5945,27,9
5946,27,147
5947,27,155
5948,27,1
5949,27,266
5950,27,352
5951,27,400
5952,27,168
5953,27,356
5954,27,89
5955,27,220
5956,27,142
5957,27,323
5958,27,130
5959,27,99
5960,27,108
5961,27,146
5962,27,346
5963,27,399
5964,27,295
5965,27,174
5966,27,33
5967,27,22
5968,27,70
5969,27,74
5970,27,44
5971,27,304
5972,104,85
5973,104,389
5974,104,77
5975,104,187
5976,104,289
5977,104,325
5978,104,153
5979,159,154
5980,159,97
5981,159,329
5982,76,387
5983,76,66
5984,76,14
5985,76,317
5986,76,217
5987,76,338
5988,76,100
5989,76,307
5990,307,236
5991,307,335
5992,307,227
5993,307,367
5994,307,387
5995,307,244
5996,307,229
5997,307,133
5998,307,2
5999,307,402
6000,307,270
6001,307,96
6002,307,77
6003,307,114
6004,307,66
6005,307,218
6006,307,14
6007,307,390
6008,307,299
6009,307,29
6010,307,19
6011,307,317
6012,307,396
6013,307,394
6014,307,230
6015,307,334
6016,307,380
6017,307,13
6018,307,115
6019,307,43
6020,307,86
6021,307,362
6022,307,232
6023,307,381
6024,307,120
6025,307,306
6026,307,280
6027,307,316
6028,307,217
6029,307,42
6030,307,20
6031,307,338
6032,307,100
6033,307,101
6034,307,119
6035,307,60
6036,307,215
6037,307,16
6038,307,174
6039,307,105
6040,307,188
6041,307,76
6042,307,234
6043,307,36
6044,307,264
6045,307,361
6046,307,310
6047,307,404
6048,307,68
6049,307,222
6050,307,160
6051,307,290
6052,307,272
6053,210,235
6054,210,82
6055,210,59
6056,210,18
6057,210,334
6058,210,300
6059,210,132
6060,210,3
6061,210,305
6062,51,388
6063,51,23
6064,51,91
6065,51,345
6066,51,226
6067,51,7
6068,51,309
6069,51,162
6070,51,64
6071,51,224
6072,51,248
6073,51,15
6074,51,373
6075,274,238
6076,274,339
6077,274,334
6078,274,347
6079,274,92
6080,274,265
6081,234,236
6082,234,335
6083,234,227
6084,234,367
6085,234,244
6086,234,229
6087,234,133
6088,234,2
6089,234,402
6090,234,96
6091,234,77
6092,234,114
6093,234,218
6094,234,390
6095,234,299
6096,234,19
6097,234,396
6098,234,394
6099,234,230
6100,234,334
6101,234,13
6102,234,115
6103,234,43
6104,234,86
6105,234,362
6106,234,232
6107,234,381
6108,234,120
6109,234,280
6110,234,316
6111,234,42
6112,234,20
6113,234,101
6114,234,60
6115,234,16
6116,234,174
6117,234,105
6118,234,188
6119,234,307
6120,234,36
6121,234,264
6122,234,310
6123,234,404
6124,234,68
6125,234,222
6126,234,290
6127,36,236
6128,36,335
6129,36,227
6130,36,367
6131,36,244
6132,36,229
6133,36,133
6134,36,2
6135,36,402
6136,36,296
6137,36,241
6138,36,96
6139,36,77
6140,36,114
6141,36,218
6142,36,178
6143,36,390
6144,36,299
6145,36,19
6146,36,396
6147,36,394
6148,36,230
6149,36,334
6150,36,13
6151,36,115
6152,36,43
6153,36,86
6154,36,362
6155,36,232
6156,36,381
6157,36,120
6158,36,280
6159,36,316
6160,36,42
6161,36,20
6162,36,101
6163,36,177
6164,36,60
6165,36,16
6166,36,174
6167,36,105
6168,36,188
6169,36,307
6170,36,234
6171,36,264
6172,36,310
6173,36,404
6174,36,68
6175,36,222
6176,36,169
6177,36,290
6178,175,139
6179,175,171
6180,175,48
6181,175,374
6182,175,383
6183,175,113
6184,175,156
6185,175,4
6186,175,297
6187,175,225
6188,175,122
6189,175,369
6190,175,117
6191,175,294
6192,175,75
6193,175,277
6194,175,118
6195,175,276
6196,175,250
6197,175,140
6198,175,5
6199,175,53
6200,175,269
6201,264,236
6202,264,335
6203,264,227
6204,264,367
6205,264,244
6206,264,229
6207,264,133
6208,264,2
6209,264,402
6210,264,96
6211,264,77
6212,264,114
6213,264,218
6214,264,390
6215,264,299
6216,264,19
6217,264,396
6218,264,394
6219,264,230
6220,264,334
6221,264,13
6222,264,115
6223,264,43
6224,264,86
6225,264,362
6226,264,232
6227,264,381
6228,264,120
6229,264,280
6230,264,316
6231,264,42
6232,264,20
6233,264,101
6234,264,60
6235,264,16
6236,264,174
6237,264,105
6238,264,188
6239,264,307
6240,264,234
6241,264,36
6242,264,310
6243,264,404
6244,264,68
6245,264,222
6246,264,290
6247,24,226
6248,24,182
6249,24,167
6250,24,260
6251,24,6
6252,24,183
6253,24,208
6254,24,149
6255,253,370
6256,253,318
6257,253,382
6258,253,158
6259,253,81
6260,253,26
6261,253,121
6262,253,341
6263,253,143
6264,253,291
6265,253,144
6266,33,371
6267,33,78
6268,33,319
6269,33,8
6270,33,2
6271,33,199
6272,33,221
6273,33,243
6274,33,156
6275,33,106
6276,33,386
6277,33,58
6278,33,9
6279,33,147
6280,33,155
6281,33,1
6282,33,266
6283,33,352
6284,33,400
6285,33,168
6286,33,356
6287,33,89
6288,33,392
6289,33,220
6290,33,142
6291,33,323
6292,33,130
6293,33,99
6294,33,108
6295,33,146
6296,33,65
6297,33,346
6298,33,399
6299,33,61
6300,33,343
6301,33,295
6302,33,174
6303,33,27
6304,33,22
6305,33,70
6306,33,165
6307,33,74
6308,33,44
6309,33,304
6310,33,257
6311,361,229
6312,361,270
6313,361,29
6314,361,380
6315,361,306
6316,361,119
6317,361,215
6318,361,307
6319,361,160
6320,361,272
6321,38,31
6322,38,93
6323,38,112
6324,38,328
6325,38,191
6326,38,95
6327,38,211
6328,38,107
6329,398,72
6330,398,10
6331,398,298
6332,398,334
6333,398,326
6334,398,316
6335,398,252
6336,398,301
6337,398,314
6338,398,68
6339,373,388
6340,373,23
6341,373,91
6342,373,345
6343,373,226
6344,373,7
6345,373,309
6346,373,162
6347,373,64
6348,373,224
6349,373,248
6350,373,15
6351,373,51
6352,331,139
6353,331,202
6354,331,79
6355,331,88
6356,331,62
6357,331,137
6358,331,349
6359,331,259
6360,331,134
6361,331,35
6362,331,334
6363,331,11
6364,331,161
6365,331,233
6366,331,327
6367,331,286
6368,331,397
6369,331,56
6370,287,377
6371,314,72
6372,314,10
6373,314,298
6374,314,334
6375,314,326
6376,314,316
6377,314,252
6378,314,301
6379,314,398
6380,314,68
6381,148,216
6382,148,271
6383,148,249
6384,148,353
6385,148,40
6386,148,363
6387,148,80
6388,30,337
6389,30,32
6390,30,379
6391,30,247
6392,30,308
6393,269,139
6394,269,171
6395,269,48
6396,269,374
6397,269,383
6398,269,113
6399,269,156
6400,269,4
6401,269,297
6402,269,225
6403,269,122
6404,269,369
6405,269,117
6406,269,294
6407,269,75
6408,269,277
6409,269,118
6410,269,276
6411,269,250
6412,269,140
6413,269,5
6414,269,53
6415,269,175
6416,223,209
6417,223,63
6418,286,139
6419,286,202
6420,286,79
6421,286,88
6422,286,62
6423,286,137
6424,286,349
6425,286,259
6426,286,134
6427,286,35
6428,286,334
6429,286,11
6430,286,161
6431,286,233
6432,286,327
6433,286,331
6434,286,397
6435,286,56
6436,22,78
6437,22,319
6438,22,8
6439,22,2
6440,22,199
6441,22,221
6442,22,156
6443,22,106
6444,22,386
6445,22,58
6446,22,9
6447,22,147
6448,22,155
6449,22,1
6450,22,266
6451,22,352
6452,22,400
6453,22,168
6454,22,356
6455,22,89
6456,22,220
6457,22,142
6458,22,323
6459,22,130
6460,22,99
6461,22,108
6462,22,146
6463,22,346
6464,22,399
6465,22,295
6466,22,174
6467,22,27
6468,22,33
6469,22,70
6470,22,74
6471,22,44
6472,22,304
6473,111,211
6474,70,78
6475,70,319
6476,70,8
6477,70,2
6478,70,199
6479,70,221
6480,70,156
6481,70,106
6482,70,386
6483,70,58
6484,70,9
6485,70,147
6486,70,155
6487,70,1
6488,70,266
6489,70,352
6490,70,400
6491,70,168
6492,70,356
6493,70,89
6494,70,220
6495,70,142
6496,70,323
6497,70,130
6498,70,99
6499,70,108
6500,70,146
6501,70,346
6502,70,399
6503,70,295
6504,70,174
6505,70,27
6506,70,33
6507,70,22
6508,70,74
6509,70,44
6510,70,304
6511,310,236
6512,310,335
6513,310,227
6514,310,367
6515,310,244
6516,310,229
6517,310,133
6518,310,2
6519,310,402
6520,310,96
6521,310,77
6522,310,114
6523,310,218
6524,310,390
6525,310,299
6526,310,19
6527,310,396
6528,310,394
6529,310,230
6530,310,334
6531,310,13
6532,310,115
6533,310,43
6534,310,86
6535,310,362
6536,310,232
6537,310,381
6538,310,120
6539,310,280
6540,310,316
6541,310,42
6542,310,20
6543,310,101
6544,310,60
6545,310,16
6546,310,174
6547,310,105
6548,310,188
6549,310,307
6550,310,234
6551,310,36
6552,310,264
6553,310,404
6554,310,68
6555,310,222
6556,310,290
6557,404,236
6558,404,335
6559,404,227
6560,404,367
6561,404,244
6562,404,229
6563,404,133
6564,404,2
6565,404,402
6566,404,96
6567,404,77
6568,404,114
6569,404,218
6570,404,390
6571,404,299
6572,404,19
6573,404,396
6574,404,394
6575,404,230
6576,404,334
6577,404,13
6578,404,115
6579,404,43
6580,404,86
6581,404,362
6582,404,232
6583,404,381
6584,404,120
6585,404,280
6586,404,316
6587,404,42
6588,404,20
6589,404,101
6590,404,60
6591,404,16
6592,404,174
6593,404,105
6594,404,188
6595,404,307
6596,404,234
6597,404,36
6598,404,264
6599,404,310
6600,404,68
6601,404,222
6602,404,290
6603,397,139
6604,397,202
6605,397,79
6606,397,88
6607,397,62
6608,397,137
6609,397,349
6610,397,259
6611,397,134
6612,397,35
6613,397,334
6614,397,11
6615,397,161
6616,397,233
6617,397,327
6618,397,331
6619,397,286
6620,397,56
6621,52,208
6622,56,139
6623,56,202
6624,56,79
6625,56,88
6626,56,62
6627,56,137
6628,56,349
6629,56,259
6630,56,134
6631,56,35
6632,56,334
6633,56,11
6634,56,161
6635,56,233
6636,56,327
6637,56,331
6638,56,286
6639,56,397
6640,305,235
6641,305,82
6642,305,59
6643,305,18
6644,305,334
6645,305,300
6646,305,132
6647,305,3
6648,305,210
6649,165,371
6650,165,243
6651,165,392
6652,165,65
6653,165,61
6654,165,343
6655,165,33
6656,165,257
6657,245,117
6658,245,267
6659,107,31
6660,107,93
6661,107,112
6662,107,191
6663,107,95
6664,107,211
6665,107,38
6666,206,23
6667,206,278
6668,206,239
6669,206,192
6670,206,393
6671,206,90
6672,206,384
6673,206,151
6674,206,186
6675,206,401
6676,206,330
6677,206,214
6678,206,176
6679,206,395
6680,206,54
6681,206,365
6682,71,350
6683,71,285
6684,71,237
6685,71,311
6686,71,359
6687,71,251
6688,71,324
6689,71,28
6690,71,142
6691,71,197
6692,71,127
6693,71,94
6694,68,236
6695,68,200
6696,68,335
6697,68,227
6698,68,367
6699,68,244
6700,68,229
6701,68,133
6702,68,2
6703,68,402
6704,68,72
6705,68,96
6706,68,10
6707,68,77
6708,68,114
6709,68,218
6710,68,390
6711,68,299
6712,68,311
6713,68,19
6714,68,298
6715,68,396
6716,68,275
6717,68,394
6718,68,230
6719,68,334
6720,68,207
6721,68,13
6722,68,115
6723,68,43
6724,68,86
6725,68,326
6726,68,362
6727,68,232
6728,68,381
6729,68,90
6730,68,120
6731,68,11
6732,68,280
6733,68,316
6734,68,315
6735,68,42
6736,68,252
6737,68,20
6738,68,101
6739,68,60
6740,68,301
6741,68,16
6742,68,174
6743,68,105
6744,68,188
6745,68,94
6746,68,307
6747,68,234
6748,68,36
6749,68,264
6750,68,398
6751,68,314
6752,68,310
6753,68,404
6754,68,222
6755,68,290
6756,144,370
6757,144,318
6758,144,382
6759,144,158
6760,144,81
6761,144,26
6762,144,121
6763,144,341
6764,144,143
6765,144,291
6766,144,253
6767,145,102
6768,145,226
6769,145,98
6770,145,302
6771,145,116
6772,145,163
6773,145,189
6774,222,236
6775,222,335
6776,222,227
6777,222,367
6778,222,244
6779,222,229
6780,222,133
6781,222,2
6782,222,402
6783,222,96
6784,222,77
6785,222,114
6786,222,218
6787,222,390
6788,222,299
6789,222,19
6790,222,396
6791,222,394
6792,222,230
6793,222,334
6794,222,13
6795,222,115
6796,222,43
6797,222,86
6798,222,362
6799,222,232
6800,222,381
6801,222,120
6802,222,280
6803,222,316
6804,222,42
6805,222,20
6806,222,101
6807,222,60
6808,222,16
6809,222,174
6810,222,105
6811,222,188
6812,222,307
6813,222,234
6814,222,36
6815,222,264
6816,222,310
6817,222,404
6818,222,68
6819,222,290
6820,80,216
6821,80,271
6822,80,249
6823,80,353
6824,80,40
6825,80,363
6826,80,148
6827,92,238
6828,92,347
6829,92,274
6830,149,226
6831,149,182
6832,149,167
6833,149,260
6834,149,6
6835,149,183
6836,149,208
6837,149,24
6838,160,229
6839,160,270
6840,160,29
6841,160,380
6842,160,306
6843,160,119
6844,160,215
6845,160,307
6846,160,361
6847,160,272
6848,201,172
6849,201,203
6850,201,316
6851,201,127
6852,201,94
6853,69,342
6854,69,391
6855,69,354
6856,265,238
6857,265,62
6858,265,339
6859,265,334
6860,265,83
6861,265,274
6862,169,229
6863,169,296
6864,169,241
6865,169,96
6866,169,178
6867,169,20
6868,169,177
6869,169,188
6870,169,36
6871,74,78
6872,74,319
6873,74,8
6874,74,2
6875,74,199
6876,74,221
6877,74,156
6878,74,106
6879,74,386
6880,74,58
6881,74,9
6882,74,147
6883,74,155
6884,74,1
6885,74,266
6886,74,352
6887,74,400
6888,74,168
6889,74,356
6890,74,89
6891,74,220
6892,74,142
6893,74,323
6894,74,130
6895,74,99
6896,74,108
6897,74,146
6898,74,346
6899,74,399
6900,74,295
6901,74,174
6902,74,27
6903,74,33
6904,74,22
6905,74,70
6906,74,44
6907,74,304
6908,44,78
6909,44,319
6910,44,8
6911,44,2
6912,44,199
6913,44,221
6914,44,156
6915,44,106
6916,44,386
6917,44,58
6918,44,9
6919,44,147
6920,44,155
6921,44,1
6922,44,266
6923,44,352
6924,44,400
6925,44,168
6926,44,356
6927,44,89
6928,44,220
6929,44,142
6930,44,323
6931,44,130
6932,44,99
6933,44,108
6934,44,146
6935,44,346
6936,44,399
6937,44,295
6938,44,174
6939,44,27
6940,44,33
6941,44,22
6942,44,70
6943,44,74
6944,44,304
6945,304,78
6946,304,319
6947,304,8
6948,304,2
6949,304,199
6950,304,221
6951,304,156
6952,304,106
6953,304,386
6954,304,58
6955,304,9
6956,304,147
6957,304,155
6958,304,1
6959,304,266
6960,304,352
6961,304,400
6962,304,168
6963,304,356
6964,304,89
6965,304,220
6966,304,142
6967,304,323
6968,304,130
6969,304,99
6970,304,108
6971,304,146
6972,304,346
6973,304,399
6974,304,295
6975,304,174
6976,304,27
6977,304,33
6978,304,22
6979,304,70
6980,304,74
6981,304,44
6982,257,371
6983,257,243
6984,257,392
6985,257,65
6986,257,61
6987,257,343
6988,257,33
6989,257,165
6990,290,236
6991,290,335
6992,290,227
6993,290,367
6994,290,244
6995,290,229
6996,290,133
6997,290,2
6998,290,402
6999,290,96
7000,290,77
7001,290,114
7002,290,218
7003,290,390
7004,290,299
7005,290,19
7006,290,396
7007,290,394
7008,290,230
7009,290,334
7010,290,13
7011,290,115
7012,290,43
7013,290,86
7014,290,362
7015,290,232
7016,290,381
7017,290,120
7018,290,280
7019,290,316
7020,290,42
7021,290,20
7022,290,101
7023,290,60
7024,290,16
7025,290,174
7026,290,105
7027,290,188
7028,290,307
7029,290,234
7030,290,36
7031,290,264
7032,290,310
7033,290,404
7034,290,68
7035,290,222
7036,272,229
7037,272,270
7038,272,29
7039,272,380
7040,272,306
7041,272,119
7042,272,215
7043,272,307
7044,272,361
7045,272,160
7046,378,17
7047,378,358
7048,378,242
7049,378,21
7050,378,403
7051,378,333
7052,126,321
